"PNC,BBT,USB",160
"MKC,GIS,K",158
"PNC,USB,JPM",158
"PNC,BBT,STI",158
"USB,JPM,NTRS",157
"BBT,USB,JPM",157
"PNC,BBT,MTB",157
"AVB,UDR,AIV",156
"AIG,USB,JPM",156
"USB,JPM,MTB",156
"PNC,USB,MTB",156
"FITB,BBT,STI",155
"AIG,PNC,USB",155
"BBT,USB,MTB",155
"PNC,USB,STI",154
"GIS,CPB,K",154
"MKC,GIS,CPB",153
"BBT,USB,STI",153
"BBT,MTB,STI",153
"GOOGL,CMCSA,GOOG",153
"TMK,USB,JPM",152
"CL,KMB,PEP",152
"BBT,USB,NTRS",152
"PNC,USB,PBCT",152
"PNC,MTB,STI",152
"ADBE,GOOGL,GOOG",152
"AVB,ESS,UDR",151
"KMB,PEP,CLX",151
"CB,ALL,CINF",151
"TRV,ALL,CINF",151
"BBT,MTB,NTRS",151
"BBT,JPM,MTB",151
"ESS,UDR,AIV",151
"UNM,PRU,MET",150
"EQR,UDR,AIV",150
"USB,MTB,NTRS",150
"KMB,PEP,KO",150
"TRV,CB,CINF",150
"JPM,MTB,NTRS",150
"CL,PG,PEP",150
"PNC,USB,NTRS",150
"PNC,BBT,JPM",150
"BBT,JPM,STI",149
"BBT,KEY,STI",149
"PNC,BBT,PBCT",149
"PNC,JPM,MTB",149
"AVB,EQR,UDR",148
"AIG,BBT,USB",148
"USB,JPM,STI",148
"TRV,CB,ALL",148
"BBT,NTRS,STI",148
"BBT,USB,PBCT",148
"BBT,JPM,NTRS",148
"PNC,USB,DFS",148
"FITB,BBT,KEY",147
"AIG,USB,NTRS",147
"BK,MTB,NTRS",147
"USB,L,JPM",147
"CL,PEP,KO",147
"PM,PEP,KO",147
"PM,CL,PEP",147
"GOOGL,MA,GOOG",147
"GOOGL,ADP,GOOG",147
"GOOGL,FB,GOOG",147
"PNC,BBT,NTRS",147
"PNC,MTB,NTRS",147
"MKC,CPB,K",146
"MKC,PM,MO",146
"AVB,ESS,AIV",146
"BK,JPM,NTRS",146
"USB,JPM,PBCT",146
"USB,BK,NTRS",146
"CL,PG,KMB",146
"BBT,PBCT,STI",146
"BBT,BK,NTRS",146
"PNC,PBCT,STI",146
"PNC,MTB,PBCT",146
"PNC,JPM,STI",146
"ESS,EQR,UDR",146
"MKC,GIS,PM",145
"FITB,BBT,NTRS",145
"FITB,BBT,HBAN",145
"FITB,KEY,STI",145
"LMT,RTN,NOC",145
"AIG,TMK,USB",145
"LNC,PRU,MET",145
"USB,MTB,STI",145
"USB,BK,JPM",145
"CL,PEP,CLX",145
"PM,PEP,MO",145
"GOOGL,GOOG",229
"DISCK,DISCA",211
"FOXA,FOX",208
"NWSA,NWS",202
"WM,RSG",196
"UDR,AIV",195
"USB,JPM",194
"PRU,MET",193
"PNC,USB",192
"MKC,GIS",191
"CL,PG",190
"VZ,T",190
"BBT,STI",190
"PNC,BBT",190
"PEP,KO",189
"GIS,K",189
"FITB,BBT",188
"AIG,USB",188
"CL,PEP",188
"BBT,USB",188
"RTN,NOC",188
"V,MA",188
"GIS,CPB",188
"KMB,PEP",187
"BBT,MTB",187
"PNC,MTB",187
"ALL,CINF",186
"AVB,UDR",186
"BK,NTRS",186
"PM,MO",186
"SNPS,CDNS",186
"EQR,UDR",185
"AVB,ESS",185
"PNC,STI",185
"TMK,L",184
"PAYX,ADP",184
"DGX,LH",184
"USB,NTRS",184
"USB,MTB",184
"CB,CINF",184
"VNO,BXP",184
"TRV,CB",184
"MTB,NTRS",183
"TRV,CINF",183
"JPM,NTRS",183
"JPM,MTB",183
"UNM,PRU",182
"MKC,K",182
"AON,MMC",182
"FITB,STI",182
"LMT,NOC",182
"AVB,AIV",182
"KMB,CLX",182
"MMC,CINF",182
"BBT,NTRS",182
"BBT,JPM",182
"PNC,PBCT",182
"ESS,UDR",182
"LEN,DHI",181
"TRV,ALL",181
"PEP,CLX",180
"KEY,STI",180
"BAC,C",180
"LNC,PRU",180
"CB,ALL",180
"CL,KMB",180
"FISV,ADP",179
"TMK,USB",179
"AIG,PNC",179
"CFG,RF",179
"USB,PBCT",179
"CPB,K",179
"BBT,KEY",179
"PM,PEP",179
"PM,CL",179
"L,BRK.B",179
"PNC,JPM",179
"FRT,REG",178
"MKC,PM",178
"AON,AJG",178
"SPG,FRT",178
"BXP,KIM",178
"MTB,STI",178
"BBT,HBAN",178
"PM,KO",178
"INTC,TXN",178
"OMC,IPG",178
"TMK,JPM",177
"TMO,WAT",177
"FITB,KEY",177
"IVZ,BEN",177
"USB,STI",177
"PNC,DFS",177
"MKC,CPB",176
"AVB,EQR",176
"AIG,JPM",176
"SPG,MAC",176
"SPG,BXP",176
"HON,ITW",176
"USB,BLK",176
"USB,DFS",176
"C,STI",176
"HCN,VTR",176
"JPM,STI",176
"PH,ROK",176
"BBT,PBCT",176
"ESS,EQR",176
"LOW,HD",176
"CHD,CLX",176
"PEP,MO",175
"MKC,MO",175
"FITB,RF",175
"EXR,PSA",175
"KMB,KO",175
"PBCT,NTRS",175
"BBT,BK",175
"SCHW,ETFC",175
"LRCX,KLAC",175
"TMK,BRK.B",174
"KIM,REG",174
"AFL,BRK.B",174
"HON,BRK.B",174
"HON,MMM",174
"BK,JPM",174
"NTRS,STI",174
"ECL,CTAS",174
"PG,KO",174
"AXP,DFS",174
"PM,K",174
"PNC,NTRS",174
"ESS,AIV",174
"MAC,BXP",174
"GS,MS",174
"TROW,NTRS",173
"TROW,L",173
"TMK,AFL",173
"KEY,RF",173
"TJX,ROST",173
"FITB,HBAN",173
"PRU,NTRS",173
"DPS,CLX",173
"DPS,PEP",173
"AMP,IVZ",173
"MO,CLX",173
"PBCT,STI",173
"JPM,MET",173
"RJF,SCHW",173
"BF.B,PEP",173
"GPC,CINF",173
"EMR,ITW",172
"FISV,MA",172
"MKC,KMB",172
"BK,PBCT",172
"BK,MTB",172
"USB,L",172
"USB,BRK.B",172
"KMB,CHD",172
"TXN,MCHP",172
"TXN,ADI",172
"CPB,CLX",172
"XLNX,ADI",172
"MS,C",172
"PG,PEP",172
"PNC,WFC",172
"PNC,BK",172
"GS,JPM",172
"SNPS,ANSS",172
"GIS,SYY",172
"GPC,HON",172
"UNM,LNC",171
"UNM,MET",171
"FISV,GPC",171
"PEP,CHD",171
"PEP,PCG",171
"MKC,CLX",171
"BK,STI",171
"MMM,ITW",171
"PG,KMB",171
"JPM,C",171
"CL,CLX",171
"BBT,CFG",171
"L,JPM",171
"PGR,CB",171
"PGR,CINF",171
"FISV,VRSK",170
"SYK,BDX",170
"BAC,NTRS",170
"AVB,MAA",170
"AIG,TMK",170
"AIG,L",170
"AIG,BRK.B",170
"AFL,ALL",170
"CMA,RF",170
"USB,WFC",170
"USB,BK",170
"KMB,MO",170
"MO,SYY",170
"MTB,PBCT",170
"BBT,BAC",170
"BBT,RF",170
"DRE,VNO",170
"RJF,NTRS",170
"KHC,PM",170
"SNPS,LEG",170
"SNPS,ADP",170
"UNM,NTRS",169
"TROW,BLK",169
"TMK,HIG",169
"EQR,AIV",169
"MKC,KHC",169
"LMT,RTN",169
"BAC,PRU",169
"AIG,NTRS",169
"CINF,CTAS",169
"ORCL,BRK.B",169
"HIG,L",169
"CPB,SYY",169
"MMC,AJG",169
"SWK,ITW",169
"MMM,CINF",169
"CB,BRK.B",169
"ZION,STI",169
"ZION,CMA",169
"CL,SYY",169
"K,MO",169
"PM,SYY",169
"MAA,AIV",169
"PNC,C",169
"PNC,HBAN",169
"GM,F",169
"OMC,ECL",169
"OMC,CINF",169
"KHC,PEP",169
"GIS,PM",169
"TROW,USB",168
"FRT,KIM",168
"FISV,SNPS",168
"ALL,BRK.B",168
"TMK,PNC",168
"TMK,PRU",168
"MKC,SJM",168
"MKC,KO",168
"KEY,JPM",168
"COF,NTRS",168
"FITB,NTRS",168
"FITB,ZION",168
"WLTW,AJG",168
"SPG,GGP",168
"NTRS,MET",168
"SJM,CPB",168
"MMM,MMC",168
"CB,L",168
"CB,MMC",168
"GD,LLL",168
"ZION,RF",168
"JPM,BRK.B",168
"JPM,DFS",168
"CL,K",168
"CL,KO",168
"CL,HON",168
"BBT,C",168
"PM,PG",168
"INTC,ADI",168
"WM,PEP",168
"SNPS,VRSK",168
"SNPS,APH",168
"GPC,SNPS",168
"FISV,CTAS",167
"ALL,CTAS",167
"ALL,L",167
"ALL,RE",167
"ICE,CME",167
"VMC,MLM",167
"TMK,NTRS",167
"TMK,AIZ",167
"TMK,TROW",167
"MKC,SYY",167
"PAYX,ALL",167
"BRK.B,DFS",167
"COF,DFS",167
"BAC,STI",167
"AIG,BBT",167
"CLX,KO",167
"CSCO,MA",167
"HON,AFL",167
"CINF,AJG",167
"STI,CFG",167
"KMB,CINF",167
"RSG,CTAS",167
"AMP,BLK",167
"AMP,BEN",167
"UPS,BRK.B",167
"STT,NTRS",167
"MMM,BRK.B",167
"PG,CLX",167
"JPM,PBCT",167
"HBAN,STI",167
"HBAN,RF",167
"CL,CHD",167
"CL,CINF",167
"CL,MMM",167
"PM,KMB",167
"L,ECL",167
"PX,ITW",167
"GS,C",167
"KHC,CL",167
"GIS,KHC",167
"UNM,PNC",166
"FRT,MAC",166
"FISV,HON",166
"ALL,MMC",166
"PEP,RSG",166
"MKC,PEP",166
"INTU,ADP",166
"AFL,MMM",166
"AMAT,LRCX",166
"CINF,BRK.B",166
"LNC,MET",166
"PFG,PRU",166
"USB,BAC",166
"USB,C",166
"USB,MET",166
"ROK,ITW",166
"TXN,APH",166
"RSG,CINF",166
"ROP,ECL",166
"UPS,CINF",166
"CPB,MO",166
"CPB,DPS",166
"SJM,DPS",166
"ORLY,AZO",166
"TEL,APH",166
"ECL,AIZ",166
"VNO,UDR",166
"MCK,CAH",166
"CL,RSG",166
"CL,MO",166
"CL,BRK.B",166
"K,SYY",166
"PM,SJM",166
"SCHW,BK",166
"DRE,PLD",166
"PNC,BAC",166
"PX,ECL",166
"PX,HON",166
"INTC,APH",166
"SNPS,ECL",166
"SNPS,TXN",166
"GIS,MO",166
"GPC,LEG",166
"TROW,JPM",165
"TMK,PFG",165
"TMK,BBT",165
"KEY,CFG",165
"KEY,ZION",165
"INTU,ECL",165
"COF,C",165
"PRU,MS",165
"SYK,CTAS",165
"AFL,AJG",165
"AFL,L",165
"AFL,CINF",165
"SPG,REG",165
"CLX,PCG",165
"HON,L",165
"HON,ADP",165
"PFE,MRK",165
"AME,ITW",165
"STI,RF",165
"USB,GS",165
"MA,BRK.B",165
"SJM,SYY",165
"SJM,K",165
"ADP,CTAS",165
"ADP,UPS",165
"ADP,FIS",165
"ADP,ANSS",165
"ECL,BRK.B",165
"ECL,FIS",165
"VNO,MAC",165
"MO,KO",165
"FDX,UPS",165
"C,NTRS",165
"HCN,PLD",165
"PG,MO",165
"TRV,BRK.B",165
"BBT,COF",165
"BBT,DFS",165
"PM,T",165
"PM,CLX",165
"UDR,BXP",165
"L,NTRS",165
"L,UPS",165
"VRSK,LEG",165
"PGR,ALL",165
"GOOGL,CMCSA",165
"PNC,KEY",165
"PX,APD",165
"INTC,ORCL",165
"OMC,MA",165
"WM,CLX",165
"WM,CL",165
"GIS,CAG",165
"GIS,PEP",165
"UTX,HON",165
"ABC,CAH",165
"GPC,BRK.B",165
"TROW,PBCT",164
"TROW,AMP",164
"FISV,RSG",164
"FISV,FIS",164
"TMK,CINF",164
"TMK,BK",164
"MKC,DPS",164
"KEY,CMA",164
"KEY,MTB",164
"MHK,ALLE",164
"TMO,A",164
"WAT,PKI",164
"WAT,A",164
"AVB,BXP",164
"AIG,ALL",164
"BXP,REG",164
"HON,VRSK",164
"HON,GE",164
"HON,HRS",164
"HON,UPS",164
"LNC,NTRS",164
"BK,MET",164
"ADI,APH",164
"ROP,MMM",164
"AMP,BK",164
"VTR,PLD",164
"VTR,BXP",164
"SJM,KMB",164
"MCD,PEP",164
"VAR,AJG",164
"VAR,LH",164
"VAR,MTD",164
"VNO,ARE",164
"IT,VRSK",164
"MS,NTRS",164
"TRV,MMC",164
"HBAN,NTRS",164
"HBAN,C",164
"HBAN,MTB",164
"MCO,SPGI",164
"NOC,GD",164
"SCHW,NTRS",164
"DRE,UDR",164
"L,CINF",164
"GS,STI",164
"KHC,RSG",164
"SNPS,ROP",164
"GIS,DPS",164
"GIS,CLX",164
"GIS,CL",164
"UTX,GE",164
"GPC,CMCSA",164
"TROW,MTB",163
"UNP,CSX",163
"ALL,UPS",163
"TMK,UNM",163
"MKC,HRL",163
"KEY,NTRS",163
"KEY,PBCT",163
"PLD,BXP",163
"SLG,BXP",163
"PAYX,CINF",163
"BRK.B,JNJ",163
"PRU,JPM",163
"HRS,BRK.B",163
"AIG,UNM",163
"AIG,BK",163
"DPS,MO",163
"SPG,UDR",163
"SPG,KIM",163
"CSCO,BRK.B",163
"HON,GD",163
"AME,BRK.B",163
"BK,STT",163
"PFG,NTRS",163
"USB,PRU",163
"USB,AXP",163
"USB,KEY",163
"KMB,EL",163
"UPS,CTAS",163
"BLK,BRK.B",163
"MMM,UPS",163
"CB,UPS",163
"VNO,AIV",163
"IR,SWK",163
"PBCT,BLK",163
"PBCT,BRK.B",163
"MTB,CFG",163
"PG,CHD",163
"PG,HON",163
"JPM,WFC",163
"CL,ECL",163
"CL,EL",163
"AXP,JPM",163
"NOC,RSG",163
"DRE,SPG",163
"L,AIZ",163
"AAP,AZO",163
"VRSK,ADP",163
"PGR,TRV",163
"IBM,MA",163
"PNC,BRK.B",163
"ADBE,GOOG",163
"MAC,KIM",163
"OMC,ITW",163
"WM,CINF",163
"KHC,K",163
"SNPS,AJG",163
"SNPS,CTAS",163
"SNPS,BRK.B",163
"SNPS,KLAC",163
"GIS,RSG",163
"DIS,BRK.B",162
"UNM,STI",162
"UNM,BBT",162
"FRT,BXP",162
"FISV,UPS",162
"FISV,CL",162
"ALL,MMM",162
"PEP,SYY",162
"TMK,MET",162
"TMK,DFS",162
"MKC,REG",162
"MKC,CL",162
"MDT,MRK",162
"KEY,HBAN",162
"TMO,MA",162
"TMO,PKI",162
"PLD,KIM",162
"PLD,FRT",162
"INTU,APH",162
"ETN,IR",162
"FITB,MTB",162
"PRU,C",162
"LMT,GD",162
"APH,MCHP",162
"AIZ,BRK.B",162
"IVZ,NTRS",162
"AIG,AFL",162
"AIG,MET",162
"AIG,DFS",162
"AIG,TROW",162
"AFL,MA",162
"AFL,AIZ",162
"ANSS,CTAS",162
"HON,ALL",162
"HON,ECL",162
"HON,ALLE",162
"HON,ORCL",162
"HON,CSCO",162
"CMCSA,GOOG",162
"BK,BAC",162
"ITW,XYL",162
"ITW,BRK.B",162
"KMB,RTN",162
"ROP,AME",162
"AMP,NTRS",162
"AMP,PBCT",162
"AMP,PRU",162
"AMP,JPM",162
"UPS,ITW",162
"ADP,MA",162
"ADP,CINF",162
"VAR,ECL",162
"MTB,RF",162
"LLL,CTAS",162
"GD,CINF",162
"GD,MMM",162
"TRV,AJG",162
"JPM,MS",162
"CL,LLL",162
"NOC,LLL",162
"BBT,GS",162
"BBT,L",162
"PM,CPB",162
"L,DFS",162
"VRSK,ECL",162
"PGR,MMM",162
"MAA,UDR",162
"PNC,MET",162
"OMC,CA",162
"RTN,LLL",162
"WM,UPS",162
"SNPS,CL",162
"SNPS,HON",162
"CHD,K",162
"GIS,SJM",162
"UTX,MMM",162
"UNM,USB",161
"TROW,PNC",161
"TROW,PRU",161
"TROW,BK",161
"ALL,XL",161
"PEP,K",161
"TMK,PBCT",161
"MKC,RSG",161
"MKC,PCG",161
"MKC,PG",161
"PHM,LEN",161
"MHK,APH",161
"TMO,MTD",161
"INTU,SNPS",161
"INTU,MSI",161
"INTU,ANSS",161
"ETN,ITW",161
"MRK,JNJ",161
"PAYX,VRSK",161
"PAYX,UPS",161
"AON,TRV",161
"BRK.B,KO",161
"LMT,PEP",161
"SYK,RSG",161
"BAC,JPM",161
"AVB,VNO",161
"AIG,AXP",161
"AFL,ECL",161
"AFL,UPS",161
"AFL,ADP",161
"LH,ZBH",161
"AJG,BRK.B",161
"CLX,SYY",161
"CSCO,ITW",161
"FB,GOOG",161
"CMCSA,AJG",161
"CMCSA,CTAS",161
"BK,PRU",161
"BK,CFG",161
"USB,STT",161
"ITW,AJG",161
"ITW,APH",161
"KMB,K",161
"HSIC,BDX",161
"NTRS,DFS",161
"AMP,USB",161
"SJM,RSG",161
"SJM,CAG",161
"SJM,PEP",161
"ADP,CMCSA",161
"SWK,AJG",161
"ECL,UPS",161
"ECL,CINF",161
"ECL,APD",161
"ECL,ADP",161
"VNO,KIM",161
"PBCT,DFS",161
"GE,ITW",161
"PG,MMM",161
"PG,LLL",161
"ZION,PBCT",161
"CL,SJM",161
"CL,MCD",161
"BBT,PRU",161
"K,RSG",161
"UDR,KIM",161
"DRE,FRT",161
"ALLE,MA",161
"ALLE,LEG",161
"PGR,L",161
"PCAR,PH",161
"PNC,GS",161
"PNC,L",161
"ADBE,GOOGL",161
"BF.B,KO",161
"PX,GLW",161
"ESRX,LH",161
"GS,NTRS",161
"SNPS,OMC",161
"SNPS,CSCO",161
"CHD,CINF",161
"GIS,TSN",161
"UTX,ITW",161
"FAST,ITW",161
"GPC,RSG",161
"EMR,HON",160
"UNM,PFG",160
"TROW,BBT",160
"FISV,V",160
"EQR,BXP",160
"MKC,CHD",160
"KEY,C",160
"IPG,ECL",160
"ETN,EMR",160
"ETN,PX",160
"PAYX,FISV",160
"PAYX,ORCL",160
"AON,BRK.B",160
"FITB,C",160
"EL,BRK.B",160
"SYK,FISV",160
"BAC,MS",160
"AVB,SPG",160
"AIG,HIG",160
"AIG,PRU",160
"AIG,MTB",160
"DHR,BDX",160
"DHR,CTAS",160
"DHR,ECL",160
"DHR,SNPS",160
"AFL,MMC",160
"DPS,K",160
"XRAY,HSIC",160
"SPG,PLD",160
"ANSS,APH",160
"CSCO,ORCL",160
"HON,AJG",160
"HON,CINF",160
"CINF,RE",160
"CMCSA,CINF",160
"JEC,FLR",160
"CMA,CFG",160
"STI,DFS",160
"LNC,CFG",160
"MSI,CTAS",160
"USB,MA",160
"KMB,SYY",160
"KMB,LLL",160
"SNA,CINF",160
"BAX,BDX",160
"RSG,BRK.B",160
"ROP,CINF",160
"AMP,STT",160
"AMP,PFG",160
"VTR,SPG",160
"VTR,FRT",160
"SJM,KO",160
"ADP,GOOG",160
"ADP,APH",160
"SWK,XYL",160
"SWK,ANSS",160
"VAR,HSIC",160
"CB,AFL",160
"C,MTB",160
"GD,AJG",160
"XLNX,TXN",160
"TRV,CTAS",160
"TRV,KO",160
"JPM,BLK",160
"HBAN,JPM",160
"HBAN,ZION",160
"CL,CTAS",160
"CL,DPS",160
"CL,CMCSA",160
"CL,JNJ",160
"MCO,BRK.B",160
"BBT,ZION",160
"BBT,AMP",160
"PM,RSG",160
"VRSK,MA",160
"VRSK,L",160
"VRSK,BRK.B",160
"ALLE,BRK.B",160
"IBM,ORCL",160
"IBM,UPS",160
"PNC,AXP",160
"PNC,CFG",160
"RJF,PNC",160
"RJF,AMP",160
"PKI,A",160
"PX,ORCL",160
"INTC,ITW",160
"OMC,VRSK",160
"OMC,ORCL",160
"OMC,CMCSA",160
"SNPS,MA",160
"GIS,KMB",160
"GPC,CTAS",160
"GPC,PX",160
"GPC,ITW",160
"GPC,AZO",160
"EXPD,UPS",159
"WU,HON",159
"TROW,IVZ",159
"FISV,BRK.B",159
"PEP,NOC",159
"TMK,VRSK",159
"MKC,HSY",159
"KEY,GS",159
"INTU,VRSK",159
"ETN,ROK",159
"PAYX,INTU",159
"AON,VAR",159
"FITB,PBCT",159
"FITB,CFG",159
"FITB,JPM",159
"LMT,RSG",159
"LMT,LLL",159
"SYK,ISRG",159
"BAC,MET",159
"BAC,MTB",159
"BAC,RF",159
"AVB,PSA",159
"AVB,REG",159
"IVZ,PRU",159
"DHR,HSIC",159
"CTAS,APH",159
"DPS,KO",159
"AJG,XYL",159
"CSCO,UPS",159
"HON,PPG",159
"CINF,SYY",159
"CINF,AIZ",159
"BK,C",159
"BK,KEY",159
"PFG,MET",159
"MSI,ANSS",159
"ORCL,ANSS",159
"ITW,CINF",159
"HIG,AIZ",159
"HII,RSG",159
"TXN,IBM",159
"RSG,SYY",159
"ADI,MCHP",159
"CDNS,CINF",159
"ROP,AJG",159
"ROP,ALL",159
"ROP,BRK.B",159
"UPS,DFS",159
"MMC,CTAS",159
"MMC,ITW",159
"ADP,ACN",159
"SWK,SNA",159
"SWK,MMC",159
"TEL,AJG",159
"VAR,CINF",159
"VNO,SPG",159
"VNO,EQR",159
"C,MET",159
"PG,K",159
"TRV,RE",159
"TRV,UPS",159
"TRV,HON",159
"ZION,NTRS",159
"CL,GD",159
"CL,ALL",159
"CL,ORCL",159
"MCO,BLK",159
"BBT,CMA",159
"K,CAG",159
"K,HSY",159
"K,KO",159
"PM,CHD",159
"PM,DPS",159
"PM,CINF",159
"SCHW,LNC",159
"DRE,KIM",159
"DRE,HCN",159
"DRE,BXP",159
"L,MTB",159
"VRSK,CINF",159
"ALLE,VRSK",159
"PGR,BRK.B",159
"GOOGL,MA",159
"PNC,PRU",159
"RJF,ETFC",159
"EFX,AJG",159
"BF.B,PM",159
"PX,TEL",159
"INTC,CSCO",159
"OMC,CTAS",159
"OMC,VAR",159
"WM,CAG",159
"WM,KMB",159
"KHC,MDLZ",159
"EMN,PX",159
"CAT,CMI",159
"SNPS,RSG",159
"SNPS,GOOG",159
"SNPS,V",159
"SNPS,IBM",159
"SNPS,SWK",159
"GIS,CHD",159
"GIS,PCG",159
"GIS,CINF",159
"GPC,UPS",159
"GPC,CSCO",159
"EMR,AME",158
"TROW,GE",158
"TROW,HIG",158
"FRT,ARE",158
"FISV,SYY",158
"FISV,ECL",158
"FISV,ALLE",158
"FISV,LEG",158
"FISV,OMC",158
"ALL,ECL",158
"PEP,CTAS",158
"PEP,CINF",158
"TMK,ALL",158
"EQR,MAA",158
"MKC,CINF",158
"MKC,TSN",158
"PLD,MAC",158
"INTU,MA",158
"INTU,V",158
"PAYX,CL",158
"AON,L",158
"AON,SWK",158
"COF,MTB",158
"COF,JPM",158
"FITB,PNC",158
"LMT,MMM",158
"SYK,MDT",158
"SYK,BAX",158
"AIG,MA",158
"AIG,PBCT",158
"DHR,BRK.B",158
"DHR,ROP",158
"DHR,VAR",158
"AFL,VRSK",158
"AFL,EL",158
"HON,MA",158
"CINF,DGX",158
"LNC,STI",158
"LNC,C",158
"BK,LNC",158
"BK,COF",158
"MSI,PPG",158
"USB,HBAN",158
"USB,FDX",158
"HIG,ALL",158
"KMB,RSG",158
"KMB,CTAS",158
"BAX,MRK",158
"LEG,BRK.B",158
"TXN,CSCO",158
"CDNS,LH",158
"ROP,CTAS",158
"ROP,XYL",158
"ROP,HON",158
"NTRS,CFG",158
"AMP,STI",158
"AMP,DFS",158
"UPS,RSG",158
"UPS,AJG",158
"MMC,BRK.B",158
"MA,ACN",158
"MA,MSI",158
"ADP,AJG",158
"ADP,CDNS",158
"SWK,GE",158
"CCI,AMT",158
"TEL,L",158
"TEL,HON",158
"NDAQ,ICE",158
"MMM,AJG",158
"VAR,WAT",158
"CB,VRSK",158
"IR,ALLE",158
"IT,ADP",158
"LLL,HRS",158
"TRV,GD",158
"TRV,VRSK",158
"CL,LMT",158
"VZ,KMB",158
"BBT,WFC",158
"BBT,MS",158
"K,CLX",158
"PM,REG",158
"SCHW,PRU",158
"L,PBCT",158
"VRSK,CTAS",158
"ALLE,LH",158
"PNC,MA",158
"PNC,BLK",158
"PNC,COF",158
"PNC,AMP",158
"RJF,MS",158
"MAC,UDR",158
"PX,AJG",158
"OMC,RSG",158
"OMC,MTD",158
"OMC,CL",158
"OMC,IBM",158
"GS,MET",158
"GS,MTB",158
"WM,CTAS",158
"WM,NOC",158
"KHC,MO",158
"KHC,KO",158
"EMN,L",158
"V,ALLE",158
"SNPS,IT",158
"SNPS,TRV",158
"SNPS,ALL",158
"SNPS,ALLE",158
"SNPS,CINF",158
"SNPS,MSI",158
"TSN,DPS",158
"GIS,KO",158
"GPC,VRSK",158
"EXPD,ECL",157
"TROW,AFL",157
"TROW,DFS",157
"FISV,AFL",157
"FISV,IT",157
"FISV,ACN",157
"FISV,PEP",157
"FISV,ANSS",157
"ALL,GD",157
"ALL,AJG",157
"PDCO,HSIC",157
"PEP,CAG",157
"PEP,BRK.B",157
"TMK,AJG",157
"TMK,TEL",157
"TMK,TRV",157
"TMK,CB",157
"TMK,ECL",157
"TMK,ANSS",157
"MDT,BDX",157
"INTU,CTAS",157
"INTU,GOOG",157
"INTU,IDXX",157
"SLG,VNO",157
"PAYX,CTAS",157
"PAYX,ECL",157
"PAYX,HON",157
"AON,JPM",157
"COF,PBCT",157
"COF,GS",157
"KIM,AIV",157
"FITB,USB",157
"FITB,CMA",157
"WAT,MRK",157
"WAT,MTD",157
"PRU,STI",157
"PRU,STT",157
"SYK,LH",157
"BAC,COF",157
"BAC,ZION",157
"AIG,GS",157
"AIG,ALLE",157
"CTAS,BRK.B",157
"AFL,ITW",157
"BDX,MRK",157
"COO,LH",157
"CSCO,IBM",157
"HON,SNA",157
"HON,LLL",157
"HON,EL",157
"DGX,ZBH",157
"CINF,CLX",157
"CINF,KO",157
"CMCSA,BRK.B",157
"AME,ALLE",157
"BK,AXP",157
"PFG,LNC",157
"MSI,CMCSA",157
"KMB,PCG",157
"KMB,MMM",157
"LEG,CTAS",157
"LEG,ANSS",157
"TXN,GLW",157
"TXN,ADP",157
"RSG,CLX",157
"CPB,PEP",157
"CPB,KMB",157
"MA,FIS",157
"SWK,IBM",157
"HSY,CLX",157
"TXT,ITW",157
"TXT,HON",157
"TEL,ITW",157
"CBOE,CME",157
"MCD,KO",157
"VAR,IPG",157
"ECL,CMCSA",157
"ECL,ITW",157
"CB,ECL",157
"CB,ORCL",157
"CB,RE",157
"CB,MMM",157
"CB,JNJ",157
"VNO,PLD",157
"VNO,REG",157
"IR,ITW",157
"C,RF",157
"HCP,HCN",157
"HCP,VTR",157
"MTD,A",157
"GE,AJG",157
"GE,ECL",157
"GE,BRK.B",157
"MS,STI",157
"TRV,L",157
"TRV,PEP",157
"PH,XYL",157
"PH,CAT",157
"CL,VRSK",157
"CL,NOC",157
"BBT,STT",157
"CAH,LH",157
"L,BLK",157
"VRSK,ORCL",157
"VRSK,ANSS",157
"JBHT,UPS",157
"ESS,VNO",157
"RJF,BK",157
"EFX,HSIC",157
"MAC,REG",157
"BF.B,IT",157
"BF.B,CL",157
"PX,PPG",157
"INTC,VRSK",157
"INTC,TEL",157
"ESRX,CAH",157
"COST,KO",157
"OMC,MMC",157
"OMC,EFX",157
"OMC,COL",157
"WM,CPB",157
"KHC,CAG",157
"EMN,USB",157
"TSN,K",157
"GIS,HSY",157
"FAST,GWW",157
"GPC,GD",157
"GPC,AFL",157
"GPC,ALLE",157
"GPC,MMM",157
"EMR,PH",156
"EMR,PX",156
"MAS,ALLE",156
"UNM,RJF",156
"WU,AJG",156
"TROW,BEN",156
"FISV,GOOGL",156
"FISV,MMC",156
"ALL,ITW",156
"TMK,PCAR",156
"MDLZ,CAG",156
"MKC,CAG",156
"KEY,DFS",156
"TMO,BDX",156
"PLD,UDR",156
"INTU,BRK.B",156
"ETN,PH",156
"PAYX,CMCSA",156
"AON,MA",156
"AON,VRSK",156
"AON,CTAS",156
"AON,CB",156
"FITB,BAC",156
"PRU,GS",156
"ABT,AMGN",156
"SYK,MCD",156
"SYK,JNJ",156
"SYK,EFX",156
"BAC,KEY",156
"AVB,EXR",156
"AIG,EMN",156
"AIG,ADP",156
"AIG,VAR",156
"AIG,HON",156
"O,FRT",156
"DHR,CL",156
"AFL,GD",156
"BDX,JNJ",156
"DPS,RSG",156
"DPS,CHD",156
"DPS,CAG",156
"GGP,FRT",156
"PCG,SYY",156
"ANSS,BRK.B",156
"AJG,LH",156
"AJG,CTAS",156
"AJG,ANSS",156
"CSCO,AJG",156
"HON,XYL",156
"HON,COL",156
"PFE,JNJ",156
"BK,GS",156
"BK,L",156
"BK,BRK.B",156
"MNST,PEP",156
"ORCL,CINF",156
"USB,COF",156
"USB,HON",156
"ITW,APD",156
"HSIC,LH",156
"RSG,CMCSA",156
"ALGN,ISRG",156
"ADI,ORCL",156
"ROP,ORCL",156
"ROP,ADP",156
"ROP,CMCSA",156
"AMP,MET",156
"UPS,ANSS",156
"VTR,UDR",156
"VTR,KIM",156
"VTR,REG",156
"CPB,CHD",156
"MA,GOOG",156
"MA,CDNS",156
"SJM,CLX",156
"SWK,ECL",156
"SWK,CDNS",156
"SWK,APH",156
"AMT,PEP",156
"BLK,STT",156
"CA,ITW",156
"VAR,DGX",156
"VAR,TEL",156
"ECL,PPG",156
"ECL,MMM",156
"CB,AJG",156
"CB,CTAS",156
"CB,ANSS",156
"IT,ECL",156
"IT,HON",156
"MTB,WFC",156
"MTB,DFS",156
"C,CFG",156
"LLL,RSG",156
"LLL,BRK.B",156
"XLNX,MCHP",156
"HBAN,CFG",156
"PH,ITW",156
"CL,RTN",156
"CL,ITW",156
"AXP,BRK.B",156
"MCO,DFS",156
"CAG,RSG",156
"BBT,MET",156
"PM,JNJ",156
"SCHW,MET",156
"ALLE,CINF",156
"ALLE,CMCSA",156
"IBM,GOOG",156
"IBM,CMCSA",156
"RJF,BAC",156
"PKI,MTD",156
"PX,MA",156
"PX,MHK",156
"PX,AME",156
"LLY,MRK",156
"INTC,HON",156
"T,UPS",156
"T,CLX",156
"OMC,CDNS",156
"OMC,BRK.B",156
"SNPS,CTXS",156
"SNPS,EFX",156
"CHD,MO",156
"CHD,CAG",156
"BSX,ZBH",156
"GIS,MDLZ",156
"GIS,HRL",156
"UTX,L",156
"UTX,UPS",156
"UTX,LLL",156
"DE,DIS",156
"GPC,TEL",156
"GPC,WM",156
"GPC,CB",156
"GPC,PH",156
"GPC,CL",156
"MAS,PPG",155
"WU,MA",155
"TROW,STT",155
"TROW,TXT",155
"FISV,STZ",155
"ALL,VRSK",155
"ALL,ADP",155
"PEP,MMC",155
"PEP,EL",155
"TMK,UPS",155
"TMK,MTB",155
"PHM,DHI",155
"MDT,BAX",155
"INTU,OMC",155
"INTU,CMCSA",155
"IPG,ACN",155
"PAYX,MA",155
"PAYX,GPC",155
"PAYX,ROP",155
"PAYX,APH",155
"PAYX,FIS",155
"AON,TMK",155
"AON,CINF",155
"AON,ADP",155
"AON,MMM",155
"COF,CFG",155
"SYF,COF",155
"TJX,MMC",155
"WAT,PPG",155
"LMT,BRK.B",155
"SYK,ZBH",155
"AOS,PPG",155
"BAC,CFG",155
"NSC,UNP",155
"IVZ,MS",155
"AIG,AJG",155
"AIG,STI",155
"AIG,CINF",155
"AIG,PFG",155
"DHR,CINF",155
"DHR,TMO",155
"CTAS,SYY",155
"AFL,V",155
"FBHS,MAS",155
"COL,GD",155
"AJG,RE",155
"CSCO,ADP",155
"PPG,BRK.B",155
"PSA,FRT",155
"HON,LEG",155
"HON,MSI",155
"HON,KO",155
"EXR,FRT",155
"AME,ECL",155
"STI,MET",155
"LNC,BAC",155
"LNC,JPM",155
"BK,BLK",155
"MSFT,GOOG",155
"MSFT,CDNS",155
"ORCL,AJG",155
"ORCL,ACN",155
"ORCL,CMCSA",155
"USB,AFL",155
"ITW,DFS",155
"ROK,XYL",155
"KMB,LMT",155
"LEG,AJG",155
"TXN,V",155
"TXN,ANSS",155
"RSG,HRL",155
"RSG,REG",155
"ALGN,DGX",155
"ADI,ANSS",155
"CDNS,AJG",155
"ROP,UPS",155
"ROP,ITW",155
"ROP,MMC",155
"AMP,LNC",155
"VTR,ARE",155
"CPB,RSG",155
"MA,NTRS",155
"MA,AJG",155
"MA,CMCSA",155
"SJM,MO",155
"SJM,PCG",155
"ADP,ORCL",155
"ADP,BRK.B",155
"HSY,PCG",155
"TXT,L",155
"BLK,BEN",155
"BLK,DFS",155
"BLL,AJG",155
"MCD,KMB",155
"MMM,JNJ",155
"VAR,ALL",155
"VAR,PKI",155
"VAR,ROP",155
"VAR,MMC",155
"ECL,SNA",155
"ECL,HRS",155
"IP,PKG",155
"VNO,FRT",155
"IT,CB",155
"IT,L",155
"IT,VAR",155
"MTB,STT",155
"GD,BRK.B",155
"GE,ADP",155
"XLNX,V",155
"XLNX,MSI",155
"MS,MET",155
"PG,ECL",155
"TRV,CHD",155
"ZION,MTB",155
"JPM,MA",155
"JPM,AIZ",155
"JPM,RF",155
"CL,CPB",155
"CL,ROP",155
"CL,ADP",155
"MCO,MHK",155
"CAG,KO",155
"VZ,KO",155
"PM,PCG",155
"SCHW,C",155
"SCHW,PFG",155
"SCHW,AMP",155
"DRE,ARE",155
"L,MET",155
"L,ITW",155
"VRSK,SNA",155
"VRSK,APH",155
"VRSK,CMCSA",155
"VRSK,KO",155
"ALLE,L",155
"PGR,UPS",155
"IBM,LEG",155
"ARE,KIM",155
"GOOGL,ADP",155
"GOOGL,FB",155
"PNC,RF",155
"ADBE,DGX",155
"CTSH,MA",155
"EFX,CDNS",155
"EFX,ADP",155
"PX,IR",155
"INTC,MCO",155
"DOV,ITW",155
"OMC,PNC",155
"OMC,UPS",155
"OMC,ROP",155
"WM,PM",155
"WM,PG",155
"WM,CMCSA",155
"KHC,SYY",155
"SNPS,AVY",155
"SNPS,CA",155
"CHD,KO",155
"UNH,AET",155
"TSN,CPB",155
"GIS,REG",155
"UTX,PX",155
"UTX,ROK",155
"GPC,TRV",155
"GPC,UTX",155
"GPC,CDNS",155
"GPC,ROP",155
"GPC,OMC",155
"GPC,ADP",155
"GPC,ANSS",155
"DIS,CMCSA",154
"EMR,FAST",154
"UNM,MTB",154
"WU,AFL",154
"WU,BRK.B",154
"TROW,MET",154
"TROW,HON",154
"FISV,TEL",154
"FISV,CINF",154
"FISV,LLL",154
"PEP,GD",154
"PEP,LLL",154
"NLSN,ALL",154
"TMK,EMN",154
"EQR,MAC",154
"MKC,LLL",154
"MKC,BF.B",154
"SYY,KO",154
"MDT,ISRG",154
"MDT,A",154
"MDT,JNJ",154
"MDT,ZBH",154
"INTU,UPS",154
"INTU,ADBE",154
"SLG,MAC",154
"REG,KO",154
"IPG,MA",154
"PAYX,CTXS",154
"PAYX,CB",154
"PAYX,BRK.B",154
"AON,UPS",154
"AON,ITW",154
"COF,STI",154
"WAT,MA",154
"LMT,MO",154
"SYK,UPS",154
"SYK,HSIC",154
"SYK,CINF",154
"SYK,TMO",154
"FIS,BRK.B",154
"AVB,DRE",154
"IVZ,C",154
"IVZ,COF",154
"AIG,BLK",154
"AIG,V",154
"AIG,XL",154
"O,HCN",154
"O,PSA",154
"O,REG",154
"DHR,SYK",154
"DHR,HON",154
"CTAS,KO",154
"AFL,LH",154
"AFL,FIS",154
"DPS,SYY",154
"DPS,PCG",154
"COL,CINF",154
"PCG,KO",154
"ANSS,MCHP",154
"AJG,ACN",154
"CSCO,DIS",154
"CSCO,ANSS",154
"BXP,AIV",154
"HON,DIS",154
"HON,CMCSA",154
"HON,JPM",154
"AME,SNA",154
"AME,PPG",154
"STI,CMA",154
"BK,DFS",154
"MSI,AJG",154
"USB,LNC",154
"USB,MS",154
"USB,IVZ",154
"ITW,HRS",154
"ITW,PPG",154
"ITW,MSI",154
"HIG,BRK.B",154
"KMB,ALL",154
"KMB,DPS",154
"LEG,ORCL",154
"TXN,LRCX",154
"TXN,MA",154
"RSG,LEG",154
"ALGN,LH",154
"CDNS,LEG",154
"CDNS,ANSS",154
"ROP,GD",154
"NTRS,WFC",154
"NTRS,BRK.B",154
"AMP,MS",154
"AMP,AXP",154
"UPS,SNA",154
"UPS,GOOG",154
"UPS,CMCSA",154
"UPS,FIS",154
"CPB,CAG",154
"CPB,CINF",154
"MMC,RE",154
"MMC,UPS",154
"MMC,CMCSA",154
"MA,LEG",154
"SJM,CINF",154
"ADP,SNA",154
"SWK,HON",154
"TXT,BRK.B",154
"TEL,UPS",154
"TEL,PPG",154
"BLK,MET",154
"MCD,CLX",154
"VAR,GE",154
"VAR,APH",154
"VAR,XRAY",154
"ECL,MA",154
"ECL,MSI",154
"CB,LEG",154
"CB,LLL",154
"MO,PCG",154
"IR,XYL",154
"IT,AFL",154
"IT,BRK.B",154
"LLL,AJG",154
"HCP,PLD",154
"GD,ITW",154
"MTD,HSIC",154
"MTD,APH",154
"MTD,ITW",154
"GE,UPS",154
"GE,DFS",154
"PG,RSG",154
"PG,LMT",154
"TRV,HIG",154
"HBAN,PBCT",154
"PH,TXT",154
"PH,MMM",154
"PH,IR",154
"CL,AFL",154
"CL,PCG",154
"CL,ALLE",154
"CL,UPS",154
"CL,MNST",154
"MCO,V",154
"BBT,BLK",154
"BBT,IVZ",154
"BBT,BRK.B",154
"PM,NOC",154
"PM,VZ",154
"SCHW,BAC",154
"DRE,MAC",154
"L,PPG",154
"L,ZBH",154
"VRSK,MMM",154
"VRSK,DFS",154
"VRSK,ADI",154
"ALLE,SNA",154
"ALLE,ITW",154
"PGR,AFL",154
"PGR,CTAS",154
"PGR,ORCL",154
"IBM,RSG",154
"IBM,VRSK",154
"ADBE,BRK.B",154
"ESS,MAA",154
"RJF,BBT",154
"EFX,MA",154
"EFX,BDX",154
"EFX,CTAS",154
"EFX,SPGI",154
"PKI,APD",154
"BF.B,KMB",154
"PX,BRK.B",154
"PX,EXPD",154
"FOXA,PPG",154
"INTC,ACN",154
"INTC,PX",154
"INTC,SWK",154
"SHW,PPG",154
"ESRX,PFE",154
"COST,SJM",154
"OMC,ADP",154
"KHC,PG",154
"EMN,PNC",154
"V,AJG",154
"V,LH",154
"V,BRK.B",154
"V,ADI",154
"SNPS,AFL",154
"SNPS,LH",154
"SNPS,WM",154
"SNPS,CMCSA",154
"SNPS,ITW",154
"CHD,PCG",154
"TSN,KHC",154
"UTX,LEG",154
"UTX,CINF",154
"AMGN,MRK",154
"GPC,SNA",154
"GPC,MSI",154
"GPC,MMC",154
"GPC,IR",154
"EMR,ROK",153
"DG,DLTR",153
"TSS,ALLE",153
"TSS,ADP",153
"UNM,SCHW",153
"UNM,BK",153
"WU,APH",153
"WU,JPM",153
"TROW,BRK.B",153
"TROW,UNM",153
"FISV,TSS",153
"FISV,WM",153
"FISV,PG",153
"FISV,ADBE",153
"FISV,CMCSA",153
"FISV,AZO",153
"ALL,RSG",153
"ALL,CMCSA",153
"PDCO,CTAS",153
"PEP,T",153
"PEP,STZ",153
"PEP,EXPD",153
"TMK,BLK",153
"TMK,FLIR",153
"TMK,COL",153
"EQR,PEP",153
"MDT,BRK.B",153
"MDT,HSIC",153
"MHK,ORCL",153
"TMO,MDT",153
"TMO,HSIC",153
"TMO,VAR",153
"PLD,REG",153
"INTU,PNC",153
"INTU,IT",153
"INTU,TMK",153
"INTU,INTC",153
"PAYX,ACN",153
"PAYX,ANSS",153
"PAYX,CA",153
"AON,AFL",153
"AON,GE",153
"AON,PH",153
"AON,PX",153
"AON,EXPD",153
"FITB,COF",153
"LMT,SYY",153
"SYK,DGX",153
"AOS,TROW",153
"AVB,GGP",153
"IVZ,BLK",153
"IVZ,MET",153
"AIG,GE",153
"AIG,TRV",153
"AIG,PGR",153
"AIG,INTC",153
"AIG,MCO",153
"AIG,AMP",153
"DHR,RSG",153
"DHR,MDT",153
"DHR,AJG",153
"DHR,MRK",153
"DHR,LLL",153
"DHR,ITW",153
"WLTW,CINF",153
"AFL,HRS",153
"BDX,ZBH",153
"COL,AFL",153
"COL,JPM",153
"SPG,AIV",153
"AJG,GOOG",153
"HON,MMC",153
"HON,WAT",153
"DGX,BDX",153
"ISRG,DGX",153
"EXR,REG",153
"CINF,BDX",153
"CINF,FIS",153
"BK,AFL",153
"BK,IVZ",153
"PFG,BK",153
"MSFT,IPG",153
"USB,AIZ",153
"USB,PFG",153
"HIG,JPM",153
"KMB,NOC",153
"KMB,T",153
"HSIC,CTAS",153
"HSIC,CINF",153
"SNA,CTAS",153
"BAX,DGX",153
"LEG,APH",153
"TXN,KLAC",153
"TXN,MSFT",153
"ALGN,CDNS",153
"CDNS,BDX",153
"NTRS,RF",153
"AMP,BAC",153
"AMP,CFG",153
"UPS,CHRW",153
"CTXS,MA",153
"CPB,HSY",153
"MMC,FIS",153
"MA,UPS",153
"ADP,RSG",153
"ADP,HSIC",153
"SWK,ORCL",153
"SWK,DFS",153
"SWK,CSCO",153
"AMT,GD",153
"CVS,NOC",153
"TXT,JPM",153
"TXT,ROK",153
"CCI,KIM",153
"TEL,GE",153
"TEL,JPM",153
"TEL,ANSS",153
"TEL,CSCO",153
"ETFC,MS",153
"MCD,LMT",153
"MMM,CMCSA",153
"VAR,BDX",153
"VAR,COO",153
"VAR,MSI",153
"ECL,AJG",153
"ECL,ANSS",153
"ECL,MMC",153
"IP,ITW",153
"CB,GD",153
"CB,MRK",153
"CB,PPG",153
"CB,CMCSA",153
"CB,HON",153
"IR,DFS",153
"PBCT,ORCL",153
"IT,ALLE",153
"IT,UPS",153
"IT,ROP",153
"IT,MSI",153
"MTB,CMA",153
"LLL,CINF",153
"LLL,CLX",153
"GD,RSG",153
"GD,CMCSA",153
"GE,MA",153
"XLNX,MA",153
"XLNX,ALLE",153
"XLNX,CSCO",153
"PG,MMC",153
"TRV,HSIC",153
"TRV,MMM",153
"JPM,ZION",153
"PH,FAST",153
"PH,DFS",153
"CL,CAG",153
"CL,MMC",153
"MCO,MA",153
"MCO,USB",153
"MCO,ORCL",153
"GLW,MSI",153
"GLW,ADI",153
"VZ,PEP",153
"BBT,LNC",153
"SCHW,MS",153
"SCHW,JPM",153
"DRE,REG",153
"DRE,AIV",153
"L,DGX",153
"L,STI",153
"ALLE,RSG",153
"ALLE,GE",153
"ALLE,ANSS",153
"PGR,GE",153
"PGR,CMCSA",153
"PGR,CL",153
"PGR,HON",153
"IBM,GE",153
"IBM,BRK.B",153
"PCAR,CMI",153
"PNC,AFL",153
"PNC,ECL",153
"PNC,PFG",153
"PNC,ZION",153
"ADBE,ALLE",153
"RJF,JPM",153
"EFX,AFL",153
"EFX,FIS",153
"PX,FIS",153
"PX,SWK",153
"AMZN,GOOGL",153
"SEE,PPG",153
"INTC,IBM",153
"LOW,BRK.B",153
"IRM,DRE",153
"T,KO",153
"OMC,AFL",153
"OMC,AJG",153
"OMC,ACN",153
"OMC,ALL",153
"OMC,ALLE",153
"OMC,APH",153
"OMC,MMM",153
"GS,HBAN",153
"GS,DFS",153
"RTN,CINF",153
"WM,SJM",153
"WM,TRV",153
"KHC,DPS",153
"EMN,CAT",153
"V,ORCL",153
"SNPS,SNA",153
"SNPS,HRS",153
"SNPS,ADBE",153
"SNPS,VAR",153
"SNPS,ADI",153
"TSN,CL",153
"GIS,CTAS",153
"UTX,GD",153
"UTX,PGR",153
"UTX,FIS",153
"UTX,CL",153
"GPC,AJG",153
"GPC,V",153
"GPC,KO",153
"GPC,COL",153
"EXPD,JBHT",152
"UNM,BAC",152
"UNM,IVZ",152
"UNM,JPM",152
"WU,SNPS",152
"TROW,PFG",152
"TROW,LUK",152
"TROW,APD",152
"FISV,DGX",152
"FISV,HRS",152
"FISV,CDNS",152
"FISV,IPG",152
"FISV,EFX",152
"FISV,HD",152
"ALL,JNJ",152
"PEP,VRSK",152
"PEP,HSY",152
"PEP,UPS",152
"PEP,CMCSA",152
"PEP,JNJ",152
"TMK,PH",152
"TMK,MCO",152
"HD,GOOGL",152
"HD,MMM",152
"FFIV,CSCO",152
"MKC,COST",152
"MKC,TRV",152
"MKC,FRT",152
"TMO,SWK",152
"PLD,AIV",152
"INTU,AFL",152
"INTU,FISV",152
"INTU,CDNS",152
"IPG,BRK.B",152
"ETN,FAST",152
"PAYX,TRV",152
"PAYX,LEG",152
"PAYX,OMC",152
"AON,SNA",152
"AON,TEL",152
"AON,EMN",152
"AON,ECL",152
"AON,LEG",152
"AON,FIS",152
"BRK.B,XYL",152
"COF,KEY",152
"FITB,GS",152
"WAT,MSI",152
"WAT,ITW",152
"WAT,ZBH",152
"IDXX,IPG",152
"IDXX,MTD",152
"SYK,MA",152
"SYK,LLL",152
"SYK,CL",152
"APH,ZBH",152
"AOS,L",152
"BAC,PBCT",152
"AIG,TEL",152
"AIG,CB",152
"AIG,ORCL",152
"AIG,COF",152
"O,UDR",152
"O,KIM",152
"DHR,LEG",152
"DHR,CDNS",152
"DHR,OMC",152
"DHR,JNJ",152
"DHR,SWK",152
"CTAS,HRS",152
"WLTW,AON",152
"AFL,PPG",152
"AFL,IBM",152
"AMAT,MCHP",152
"BDX,CTAS",152
"COL,XYL",152
"GGP,MAC",152
"XRAY,AJG",152
"XRAY,IDXX",152
"SPG,SYY",152
"SPG,EQR",152
"ANSS,DFS",152
"COO,ZBH",152
"AJG,HRS",152
"AJG,AIZ",152
"CSCO,VRSK",152
"CSCO,CTAS",152
"CSCO,ACN",152
"CSCO,APH",152
"CSCO,ADI",152
"CSCO,HOLX",152
"PPG,AJG",152
"PSA,REG",152
"HON,ACN",152
"HON,APH",152
"HON,ANSS",152
"AME,APD",152
"AME,ADI",152
"KLAC,BRK.B",152
"MSFT,GOOGL",152
"MSFT,VRSK",152
"MSFT,CSCO",152
"ORCL,APH",152
"ORCL,DFS",152
"USB,CME",152
"USB,ACN",152
"USB,UPS",152
"USB,ADP",152
"HIG,XL",152
"HIG,CINF",152
"KMB,HSY",152
"LEG,CINF",152
"TXN,CTAS",152
"RSG,HSIC",152
"RSG,APH",152
"ADI,AJG",152
"ADI,CTAS",152
"ROP,L",152
"AMP,C",152
"AMP,AMG",152
"UPS,ORCL",152
"CTXS,ADP",152
"CPB,PCG",152
"MA,APH",152
"MA,DFS",152
"MA,SPGI",152
"ADP,LH",152
"ADP,LEG",152
"SWK,PPG",152
"AMT,CTAS",152
"CVS,LMT",152
"CVS,SHW",152
"HSY,RSG",152
"CCI,SJM",152
"TEL,BRK.B",152
"TEL,FDX",152
"BLK,NTRS",152
"ETFC,AMP",152
"CA,ORCL",152
"MCD,MO",152
"MCD,SJM",152
"MCD,AMT",152
"MMM,XYL",152
"ECL,ORCL",152
"CB,HIG",152
"CB,ADP",152
"A,APD",152
"IR,PPG",152
"IR,ROK",152
"PBCT,WFC",152
"MTB,MET",152
"C,STT",152
"MTD,BDX",152
"MTD,ZBH",152
"GE,CINF",152
"PG,GD",152
"PG,CTAS",152
"PG,SJM",152
"PG,CPB",152
"PG,T",152
"TRV,AFL",152
"TRV,KMB",152
"JPM,ECL",152
"HBAN,CMA",152
"CL,BDX",152
"CL,CB",152
"CL,CCI",152
"CL,AMT",152
"MCO,L",152
"MCO,BK",152
"GLW,PPG",152
"CAH,DGX",152
"K,PCG",152
"PM,TAP",152
"UDR,REG",152
"DRE,SHW",152
"L,AJG",152
"L,FDX",152
"VRSK,RSG",152
"VRSK,AJG",152
"VRSK,UPS",152
"VRSK,GLW",152
"VRSK,ITW",152
"ALLE,HRS",152
"ALLE,ECL",152
"ALLE,PPG",152
"ALLE,EL",152
"IBM,GLW",152
"PCAR,ROK",152
"PNC,VRSK",152
"PNC,ETFC",152
"PNC,LNC",152
"ADBE,MA",152
"ESS,SPG",152
"ESS,DRE",152
"RJF,PRU",152
"RJF,USB",152
"RJF,MET",152
"EFX,GOOG",152
"EFX,ALLE",152
"EFX,CINF",152
"EFX,ADBE",152
"BF.B,HSIC",152
"BF.B,CLX",152
"VRSN,ANSS",152
"PX,AFL",152
"PX,MCO",152
"PX,APH",152
"PX,TXN",152
"PX,MSI",152
"PX,CA",152
"PX,ROK",152
"SEE,AVY",152
"INTC,MA",152
"INTC,XLNX",152
"INTC,BRK.B",152
"INTC,ADP",152
"LOW,TRV",152
"LOW,TJX",152
"ESRX,BRK.B",152
"COST,PEP",152
"T,JNJ",152
"OMC,FIS",152
"OMC,CSCO",152
"RTN,GD",152
"RTN,RSG",152
"RTN,SYY",152
"WM,GOOGL",152
"WM,BRK.B",152
"KHC,SJM",152
"KHC,CPB",152
"KHC,KMB",152
"EMN,JPM",152
"EMN,HON",152
"SNPS,CB",152
"SNPS,IPG",152
"SNPS,AME",152
"CHD,SYY",152
"UNH,ALL",152
"UTX,COL",152
"ABC,PFE",152
"GPC,DIS",152
"GPC,LKQ",152
"GPC,GLW",152
"GPC,EXPD",152
"GPC,LLL",152
"GPC,BF.B",152
"GPC,IBM",152
"DIS,UPS",151
"DIS,PPG",151
"EMR,BRK.B",151
"EMR,MMM",151
"EXPD,BRK.B",151
"UNM,AFL",151
"UNM,C",151
"XYL,DFS",151
"WU,VAR",151
"TROW,ALLE",151
"FISV,MO",151
"FISV,GOOG",151
"FISV,APH",151
"FISV,KLAC",151
"FISV,CSCO",151
"ALL,BLL",151
"ALL,ANSS",151
"PDCO,TRV",151
"ICE,BRK.B",151
"ICE,CINF",151
"PEP,WMT",151
"PEP,MMM",151
"TMK,DIS",151
"TMK,CTAS",151
"TMK,STI",151
"TMK,GPC",151
"TMK,RHI",151
"PCLN,GOOG",151
"BMY,MRK",151
"MDT,UNH",151
"MHK,LEG",151
"TMO,ORCL",151
"TMO,ESRX",151
"INTU,LEG",151
"INTU,CINF",151
"INTU,CSCO",151
"IPG,AJG",151
"ETN,AJG",151
"ETN,TEL",151
"ETN,DFS",151
"ETN,MMC",151
"PAYX,TJX",151
"PAYX,SNPS",151
"PAYX,T",151
"PAYX,MMC",151
"AON,USB",151
"AON,GPC",151
"AON,DRI",151
"AON,HON",151
"AON,IBM",151
"AIV,REG",151
"COF,AXP",151
"WAT,LH",151
"PRU,BLK",151
"ABT,DGX",151
"SYK,APH",151
"SYK,ADP",151
"SYK,VAR",151
"SYK,HON",151
"SYK,CSCO",151
"AOS,TMK",151
"AOS,ITW",151
"HRS,APH",151
"AVB,KIM",151
"IVZ,JPM",151
"AIG,WFC",151
"AIG,RJF",151
"AIG,ROP",151
"AIG,PX",151
"AIG,PPG",151
"AIG,GLW",151
"AIG,ITW",151
"O,EXR",151
"DHR,GD",151
"DHR,AON",151
"DHR,CB",151
"DHR,PG",151
"DHR,IPG",151
"DHR,MMC",151
"AFL,ORCL",151
"AFL,APD",151
"AFL,LLL",151
"AFL,CAH",151
"BDX,HRS",151
"DPS,CINF",151
"COL,VRSK",151
"COL,ALLE",151
"GGP,PLD",151
"LH,BDX",151
"XRAY,A",151
"ANSS,FIS",151
"HOLX,MTD",151
"COO,MTD",151
"CLX,RE",151
"CLX,TAP",151
"CLX,REG",151
"CSCO,AFL",151
"CSCO,ECL",151
"CSCO,CMCSA",151
"PPG,ACN",151
"PPG,APD",151
"HON,NTRS",151
"HON,CTAS",151
"HON,MHK",151
"HON,PEP",151
"HON,HD",151
"CINF,XL",151
"CINF,ANSS",151
"CINF,DFS",151
"AME,AJG",151
"AME,HON",151
"BK,MS",151
"PFG,GS",151
"PFG,L",151
"MSI,AIZ",151
"USB,ALLE",151
"USB,ORCL",151
"USB,BEN",151
"HIG,NTRS",151
"HIG,USB",151
"KMB,MMC",151
"HSIC,DGX",151
"HSIC,GOOG",151
"HSIC,ZBH",151
"LEG,MSI",151
"TXN,GE",151
"RSG,KO",151
"MMC,KO",151
"HCA,UHS",151
"MA,CTAS",151
"MA,ORCL",151
"MA,PPG",151
"SJM,CHD",151
"ADP,AIZ",151
"ADP,SPGI",151
"SWK,BRK.B",151
"SWK,CINF",151
"SWK,GLW",151
"SWK,MMM",151
"AMT,GOOGL",151
"AMT,VRSK",151
"CVS,CMCSA",151
"HSY,RE",151
"TXT,COL",151
"CCI,CINF",151
"CCI,HON",151
"GILD,MRK",151
"TEL,LEG",151
"TEL,DFS",151
"BLK,STI",151
"BLL,PPG",151
"AVGO,ADI",151
"MCD,SYY",151
"MMM,ADP",151
"VAR,AFL",151
"VAR,CTAS",151
"VAR,L",151
"VAR,ZBH",151
"VAR,SWK",151
"ECL,ACN",151
"A,PPG",151
"VNO,VTR",151
"MO,RSG",151
"IR,HON",151
"IT,AJG",151
"IT,HRS",151
"IT,KLAC",151
"IT,LLL",151
"C,BLK",151
"HCN,SPG",151
"HCN,BXP",151
"GD,SYY",151
"GD,UPS",151
"GD,MSI",151
"MTD,SPGI",151
"GE,MMM",151
"XLNX,AME",151
"PG,SYY",151
"PG,BRK.B",151
"PG,UPS",151
"TRV,ADP",151
"TRV,REG",151
"ZION,C",151
"JPM,STT",151
"PH,CMI",151
"PH,CMCSA",151
"PH,MMC",151
"PH,SWK",151
"CL,EQR",151
"CL,HSIC",151
"CL,BXP",151
"AXP,NTRS",151
"AXP,MTB",151
"MCO,JPM",151
"CAG,UPS",151
"GLW,ITW",151
"BBT,AXP",151
"CAH,HSIC",151
"PM,RTN",151
"PM,MMM",151
"SCHW,CFG",151
"SCHW,KEY",151
"L,GD",151
"L,GE",151
"L,ADP",151
"VRSK,CDNS",151
"ALLE,GD",151
"ALLE,AJG",151
"ALLE,A",151
"ALLE,MSI",151
"ALLE,MMC",151
"PGR,ECL",151
"PNC,AIZ",151
"PNC,STT",151
"PNC,CINF",151
"PNC,AME",151
"ADBE,ADP",151
"ADBE,ANSS",151
"RJF,C",151
"RJF,PFG",151
"EFX,COL",151
"BF.B,ALLE",151
"BF.B,HON",151
"PX,GE",151
"PX,CB",151
"PX,PH",151
"PX,L",151
"PX,CINF",151
"AMZN,GOOG",151
"INTC,LRCX",151
"INTC,CTAS",151
"INTC,EFX",151
"ESRX,DGX",151
"ESRX,CVS",151
"LRCX,ADI",151
"COST,MO",151
"COST,MCD",151
"T,K",151
"OMC,GE",151
"OMC,V",151
"WM,GD",151
"WM,CHD",151
"WM,MA",151
"WM,RTN",151
"WM,COST",151
"WM,ALLE",151
"WM,LLL",151
"WM,KO",151
"KHC,HSY",151
"KHC,HRL",151
"KHC,TAP",151
"EMN,PPG",151
"EMN,COL",151
"V,LEG",151
"V,ADP",151
"V,MSI",151
"V,FB",151
"SNPS,GD",151
"SNPS,GOOGL",151
"SNPS,GE",151
"SNPS,ORCL",151
"SNPS,IDXX",151
"SNPS,MTD",151
"UNH,ROP",151
"TSN,PM",151
"UTX,ZBH",151
"UTX,KMB",151
"ABC,ESRX",151
"GPC,MA",151
"GPC,L",151
"GPC,TXN",151
"GPC,KMB",151
"DIS,ECL",150
"DIS,L",150
"DIS,IBM",150
"MAR,WYN",150
"MAS,IBM",150
"EXPD,CTAS",150
"UNM,AMP",150
"TROW,SCHW",150
"TROW,GS",150
"TROW,ALL",150
"TROW,MCO",150
"TROW,ANSS",150
"FRT,UDR",150
"FRT,SYY",150
"FISV,BDX",150
"FISV,KHC",150
"FISV,HSIC",150
"FISV,AMT",150
"FISV,MMM",150
"ALL,CHD",150
"ALL,NOC",150
"ALL,ALLE",150
"ALL,AIZ",150
"PEP,HRL",150
"PEP,TAP",150
"NLSN,BRK.B",150
"NLSN,PPG",150
"TMK,WU",150
"TMK,IVZ",150
"TMK,FDX",150
"TMK,IR",150
"HD,CTAS",150
"HD,ADP",150
"MKC,CTAS",150
"MKC,SPG",150
"SYY,JNJ",150
"MDT,BSX",150
"MDT,ADP",150
"MDT,VAR",150
"KEY,STT",150
"TMO,CTAS",150
"TMO,PFE",150
"TMO,IBM",150
"INTU,GPC",150
"INTU,TXN",150
"INTU,MMC",150
"INTU,SWK",150
"MRK,GOOG",150
"PAYX,AFL",150
"PAYX,VZ",150
"PAYX,CSCO",150
"AON,XYL",150
"AON,ALLE",150
"AON,PPG",150
"BRK.B,APD",150
"BRK.B,SPGI",150
"SYF,DFS",150
"TJX,CTAS",150
"TJX,ECL",150
"FITB,BK",150
"IDXX,LEG",150
"IDXX,ADP",150
"PRU,CFG",150
"LMT,UPS",150
"LMT,ICE",150
"SYK,MRK",150
"AOS,ALLE",150
"BAC,GS",150
"AVB,MAC",150
"FLR,PWR",150
"AIG,VRSK",150
"AIG,AIZ",150
"AIG,TXT",150
"AIG,HSIC",150
"AIG,CSCO",150
"DHR,UNH",150
"DHR,FISV",150
"DHR,PX",150
"DHR,WAT",150
"CTAS,FIS",150
"AFL,DGX",150
"AFL,JPM",150
"AFL,MSI",150
"AFL,ZBH",150
"MET,DFS",150
"ACN,BRK.B",150
"FBHS,MHK",150
"COL,AJG",150
"COL,BRK.B",150
"XRAY,ECL",150
"XRAY,IPG",150
"XRAY,MTD",150
"SPG,CLX",150
"COO,HSIC",150
"AJG,APH",150
"CLX,CTAS",150
"CSCO,MSI",150
"PPG,LH",150
"HON,DGX",150
"HON,TJX",150
"HON,A",150
"HON,V",150
"HON,RE",150
"HON,APD",150
"PFE,CAH",150
"DGX,AJG",150
"DGX,MRK",150
"DGX,BRK.B",150
"ISRG,BDX",150
"EXR,UDR",150
"EXR,KIM",150
"EXR,SPG",150
"CINF,PPG",150
"CINF,APH",150
"CINF,AVY",150
"PFG,AFL",150
"PFG,C",150
"PFG,IVZ",150
"PFG,JPM",150
"USB,AJG",150
"ITW,BDX",150
"ITW,ORCL",150
"ITW,GWW",150
"ITW,CMCSA",150
"ITW,ANSS",150
"ROK,PPG",150
"KMB,AFL",150
"HII,BRK.B",150
"SNA,ANSS",150
"SNA,ITW",150
"BAX,LH",150
"TXN,ALLE",150
"TXN,CDNS",150
"TXN,BRK.B",150
"TXN,AMAT",150
"ALGN,V",150
"ALGN,IDXX",150
"ADI,ITW",150
"CDNS,MCHP",150
"CDNS,APH",150
"ROP,MTD",150
"ROP,ANSS",150
"ROP,WAT",150
"CTXS,TXN",150
"SJM,MDLZ",150
"SJM,FRT",150
"SJM,HSY",150
"ADP,MSI",150
"SWK,MA",150
"SWK,MSI",150
"SWK,WAT",150
"ORLY,HSIC",150
"CVS,KO",150
"CVS,HON",150
"TXT,AFL",150
"TXT,AJG",150
"TXT,JEC",150
"CCI,RSG",150
"CCI,PEP",150
"TEL,NTRS",150
"TEL,ALL",150
"TEL,USB",150
"TEL,ECL",150
"TEL,TXT",150
"TEL,TXN",150
"MCD,CTAS",150
"MMM,CTAS",150
"MMM,ORCL",150
"VAR,MRK",150
"VAR,ALGN",150
"VAR,ANSS",150
"VAR,CAH",150
"VAR,IBM",150
"ECL,AVY",150
"ECL,DFS",150
"ECL,ZBH",150
"ECL,EL",150
"MO,REG",150
"FDX,MA",150
"FDX,BLK",150
"FDX,BRK.B",150
"IR,L",150
"IR,GLW",150
"PBCT,CFG",150
"IT,HII",150
"IT,ANSS",150
"IT,EL",150
"IT,ICE",150
"LLL,ECL",150
"LLL,UPS",150
"GD,HRS",150
"GD,ADP",150
"MTD,AJG",150
"MTD,ECL",150
"MTD,FDX",150
"MTD,ADP",150
"GE,SNA",150
"XLNX,LRCX",150
"XLNX,CDNS",150
"XLNX,APH",150
"TRV,SYY",150
"TRV,ECL",150
"TRV,ANSS",150
"TRV,ZBH",150
"ZION,CFG",150
"JPM,AJG",150
"PH,APH",150
"CL,AJG",150
"CL,DGX",150
"CL,HSY",150
"CL,APD",150
"CL,IPG",150
"CL,CSCO",150
"AXP,PBCT",150
"CAG,CLX",150
"VZ,PCG",150
"VZ,CLX",150
"VZ,CL",150
"NOC,CLX",150
"K,CINF",150
"K,REG",150
"PM,AMT",150
"SCHW,USB",150
"SCHW,AXP",150
"L,HRS",150
"L,AXP",150
"ALLE,DGX",150
"ALLE,MTD",150
"ALLE,JPM",150
"PGR,VRSK",150
"PGR,MMC",150
"IBM,ALLE",150
"IBM,CDNS",150
"IBM,GWW",150
"IBM,FDX",150
"IBM,DFS",150
"GOOGL,UPS",150
"RJF,LNC",150
"RJF,COF",150
"EFX,V",150
"PX,VRSK",150
"PX,IPG",150
"PX,AVY",150
"INTC,AJG",150
"INTC,GLW",150
"INTC,CA",150
"SHW,ECL",150
"ESRX,MA",150
"ESRX,VAR",150
"COST,CLX",150
"OMC,GD",150
"OMC,LEG",150
"OMC,ANSS",150
"OMC,HON",150
"OMC,SWK",150
"RTN,CLX",150
"RTN,REG",150
"WM,MO",150
"WM,DPS",150
"WM,EXPD",150
"WM,HON",150
"KHC,HON",150
"EMN,AFL",150
"EMN,DFS",150
"SNPS,PKI",150
"SNPS,INTC",150
"SNPS,MCHP",150
"UNH,GD",150
"TSN,SYY",150
"TSN,CAG",150
"TSN,PEP",150
"UAL,AAL",150
"GIS,RTN",150
"GIS,EFX",150
"UTX,AFL",150
"UTX,LMT",150
"UTX,ALLE",150
"UTX,BRK.B",150
"DE,UPS",150
"FAST,APH",150
"GPC,IT",150
"EMR,TEL",149
"EMR,XYL",149
"PNR,EMR",149
"TSS,LEG",149
"EXPD,FDX",149
"EXPD,GLW",149
"EXPD,MMM",149
"EXPD,IBM",149
"WU,PX",149
"WU,COL",149
"TROW,IT",149
"TROW,CME",149
"TROW,STI",149
"TROW,EMN",149
"TROW,AXP",149
"FRT,AIV",149
"FISV,GE",149
"FISV,REG",149
"FISV,JNJ",149
"FISV,EL",149
"FISV,KO",149
"FISV,KMB",149
"ALL,SYY",149
"ALL,LEG",149
"ALL,CLX",149
"PDCO,AJG",149
"PDCO,CINF",149
"PEP,BDX",149
"PEP,APD",149
"TMK,XYL",149
"TMK,ICE",149
"HD,ALLE",149
"FFIV,AJG",149
"EQR,FRT",149
"MKC,LMT",149
"MKC,CCI",149
"MKC,BXP",149
"MDT,L",149
"MDT,ITW",149
"KEY,BEN",149
"TMO,AMGN",149
"TMO,TXN",149
"TMO,OMC",149
"TMO,ITW",149
"TMO,HON",149
"PLD,ARE",149
"INTU,AJG",149
"INTU,ORCL",149
"INTU,MCO",149
"INTU,KLAC",149
"REG,SYY",149
"IPG,DGX",149
"IPG,CTAS",149
"IPG,CDNS",149
"IPG,FIS",149
"ETN,GE",149
"ETN,XYL",149
"PAYX,TEL",149
"PAYX,EFX",149
"PAYX,DRE",149
"AON,ALL",149
"AON,RE",149
"BRK.B,RE",149
"IFF,OMC",149
"WAT,AJG",149
"WAT,ECL",149
"WAT,V",149
"IDXX,CTAS",149
"IDXX,SHW",149
"PRU,BRK.B",149
"SYK,AJG",149
"SYK,GOOG",149
"SYK,SNPS",149
"SYK,BRK.B",149
"SYK,IDXX",149
"SYK,MTD",149
"SYK,PEP",149
"SYK,ADBE",149
"SYK,ITW",149
"FIS,EL",149
"APH,BRK.B",149
"AOS,PX",149
"HRS,ZBH",149
"AIG,LNC",149
"AIG,HBAN",149
"AIG,FDX",149
"O,VNO",149
"O,VTR",149
"DHR,TEL",149
"DHR,EL",149
"CTAS,MRK",149
"WLTW,OMC",149
"AFL,DIS",149
"AFL,GE",149
"AFL,CTAS",149
"AFL,ALLE",149
"AFL,LEG",149
"ACN,FIS",149
"BA,ITW",149
"COL,MA",149
"COL,V",149
"LH,BRK.B",149
"XRAY,BDX",149
"AJG,FIS",149
"AJG,AVY",149
"AJG,DFS",149
"CLX,HRL",149
"CSCO,GD",149
"CSCO,ALLE",149
"CSCO,V",149
"CSCO,CDNS",149
"CSCO,IPG",149
"CSCO,JNJ",149
"BXP,SYY",149
"PSA,UDR",149
"PSA,SPG",149
"PSA,BXP",149
"HON,RTN",149
"HON,EXPD",149
"HON,FIS",149
"HON,MAS",149
"PFE,BDX",149
"PFE,LLY",149
"PFE,WAT",149
"CINF,ACN",149
"CINF,REG",149
"CINF,ZBH",149
"AME,AFL",149
"AME,XYL",149
"AME,L",149
"AME,APH",149
"AME,COL",149
"AME,WAT",149
"BK,SPGI",149
"PFG,AJG",149
"PFG,BLK",149
"PFG,DFS",149
"WFC,MET",149
"WFC,BRK.B",149
"USB,CSX",149
"USB,ECL",149
"USB,AME",149
"USB,ZION",149
"ITW,CTAS",149
"ITW,MCHP",149
"ITW,AVY",149
"ROK,MMM",149
"KMB,HON",149
"HII,GD",149
"SNA,CMCSA",149
"BAX,JNJ",149
"TXN,ORCL",149
"TXN,JCI",149
"RSG,PCG",149
"ADI,LEG",149
"CDNS,SNA",149
"CDNS,CMCSA",149
"NTRS,BEN",149
"AMP,KEY",149
"UPS,MRK",149
"UPS,LEG",149
"CTXS,ANSS",149
"CTXS,IBM",149
"MMC,RSG",149
"MMC,PPG",149
"MA,LH",149
"MA,ANSS",149
"SJM,LLL",149
"ADP,MMC",149
"SWK,VRSK",149
"SWK,CTAS",149
"SWK,MCHP",149
"AMT,MO",149
"AMT,ECL",149
"AMT,CMCSA",149
"CVS,GD",149
"TXT,USB",149
"TXT,DFS",149
"CCI,MMC",149
"TEL,AFL",149
"TEL,HRS",149
"TEL,SWK",149
"RMD,CTAS",149
"CBOE,ICE",149
"AVGO,LRCX",149
"CA,APH",149
"CA,IPG",149
"CA,IBM",149
"MCD,CCI",149
"MCD,UPS",149
"MCD,T",149
"MMM,SNA",149
"MMM,CDNS",149
"MMM,KO",149
"VAR,BLK",149
"VAR,BRK.B",149
"VAR,PPG",149
"VAR,BSX",149
"VAR,BMY",149
"VAR,SPGI",149
"VAR,ITW",149
"VAR,CSCO",149
"ECL,RSG",149
"ECL,ADI",149
"CB,SJM",149
"CB,HRS",149
"CB,ALLE",149
"CB,XL",149
"CB,HSIC",149
"CB,JPM",149
"CB,KMB",149
"A,SPGI",149
"VNO,EXR",149
"IR,TEL",149
"IT,DIS",149
"IT,GOOGL",149
"IT,MA",149
"IT,IPG",149
"IT,XRAY",149
"HCN,KIM",149
"HCN,REG",149
"LLL,SYY",149
"GD,GOOG",149
"MTD,ANSS",149
"GE,XYL",149
"GE,CMCSA",149
"PG,ALL",149
"PG,REG",149
"PG,JNJ",149
"TRV,AIZ",149
"TRV,MSI",149
"TRV,VAR",149
"PH,DIS",149
"PH,AJG",149
"PH,TEL",149
"PH,UPS",149
"PH,GWW",149
"PH,IBM",149
"CL,TRV",149
"CL,FIS",149
"MCO,GE",149
"MCO,RHI",149
"MCO,IR",149
"MCO,AMP",149
"VZ,PG",149
"NOC,MO",149
"NOC,CINF",149
"BBT,ECL",149
"BBT,MCO",149
"CAH,MRK",149
"PM,LMT",149
"PM,FRT",149
"PM,MMC",149
"PM,HON",149
"SCHW,PBCT",149
"DRE,RSG",149
"L,ANSS",149
"L,SPGI",149
"VRSK,GE",149
"VRSK,ACN",149
"ALLE,CTAS",149
"ALLE,CDNS",149
"ALLE,ADP",149
"ALLE,MMM",149
"ALLE,FIS",149
"ALLE,ADI",149
"PGR,ROP",149
"IBM,ACN",149
"GOOGL,GD",149
"PCAR,CAT",149
"PNC,SCHW",149
"PNC,CMA",149
"PNC,VAR",149
"RJF,BLK",149
"RJF,IVZ",149
"EFX,MCO",149
"EFX,APH",149
"EFX,CMCSA",149
"EFX,VAR",149
"EFX,CL",149
"EFX,IBM",149
"EFX,SWK",149
"BF.B,GD",149
"BF.B,MO",149
"BF.B,EL",149
"VRSN,VRSK",149
"PX,UPS",149
"AMZN,FB",149
"EQIX,FRT",149
"INTC,ROP",149
"INTC,MCHP",149
"LOW,CTAS",149
"LOW,SWK",149
"ESRX,AFL",149
"COST,SYY",149
"COST,K",149
"T,PCG",149
"OMC,WBA",149
"OMC,MAS",149
"WM,LEG",149
"WM,ITW",149
"KHC,VRSK",149
"KHC,HSIC",149
"KHC,CINF",149
"KHC,CLX",149
"EMN,NTRS",149
"EMN,AJG",149
"EMN,BLK",149
"EMN,SWK",149
"V,VRSK",149
"V,DGX",149
"V,ECL",149
"V,HSIC",149
"V,APH",149
"V,ADBE",149
"V,FIS",149
"SNPS,DGX",149
"SNPS,XYL",149
"SNPS,ALGN",149
"SNPS,A",149
"SNPS,PH",149
"SNPS,MMM",149
"SNPS,MSFT",149
"SNPS,WAT",149
"UNH,L",149
"UNH,CINF",149
"BSX,MRK",149
"UAL,DAL",149
"AET,ANTM",149
"GIS,WM",149
"GIS,SPG",149
"GIS,PG",149
"UTX,INTC",149
"UTX,PEP",149
"UTX,KO",149
"UTX,IBM",149
"ABC,VAR",149
"FAST,BRK.B",149
"FAST,DFS",149
"GPC,XYL",149
"GPC,ECL",149
"GPC,PG",149
"GPC,ROK",149
"GPC,HAS",149
"EMR,INTC",148
"EMR,L",148
"EMR,ROP",148
"EMR,PPG",148
"EMR,CMI",148
"PNR,CAT",148
"TSS,MA",148
"EXPD,SNA",148
"EXPD,KO",148
"UNM,GS",148
"UNM,CMA",148
"WU,LH",148
"WU,XYL",148
"WU,V",148
"WU,GPC",148
"WU,WAT",148
"TROW,AJG",148
"TROW,RJF",148
"TROW,LEG",148
"TROW,AIZ",148
"TROW,ROK",148
"FRT,CHD",148
"FISV,GD",148
"FISV,CCI",148
"FISV,INTC",148
"FISV,BF.B",148
"UNP,DFS",148
"ALL,HRS",148
"ALL,HSIC",148
"PDCO,CB",148
"PDCO,CDNS",148
"PDCO,OMC",148
"PDCO,VAR",148
"PEP,ALL",148
"PEP,ECL",148
"PEP,ITW",148
"TMK,CME",148
"TMK,PGR",148
"TMK,LNC",148
"TMK,TXT",148
"TMK,PPG",148
"TMK,MSI",148
"HD,SNA",148
"HD,ECL",148
"WY,IR",148
"MKC,MDLZ",148
"MKC,FISV",148
"MKC,RTN",148
"MKC,MMM",148
"MDT,DGX",148
"MDT,ROP",148
"MDT,MCD",148
"MDT,XRAY",148
"KEY,MS",148
"MHK,SPGI",148
"MHK,MAS",148
"MHK,HD",148
"MHK,IBM",148
"TMO,ACN",148
"TMO,INTC",148
"TMO,JCI",148
"TMO,ANSS",148
"TMO,CSCO",148
"INTU,TEL",148
"INTU,ALLE",148
"INTU,EFX",148
"ETN,L",148
"ETN,MMM",148
"ETN,HON",148
"PAYX,IDXX",148
"PAYX,KO",148
"PAYX,IBM",148
"AON,HIG",148
"AON,NLSN",148
"AON,DFS",148
"AON,CL",148
"AON,IR",148
"AON,WAT",148
"BRK.B,SYY",148
"IFF,BRK.B",148
"FITB,PRU",148
"FITB,MS",148
"FITB,STT",148
"EL,SYY",148
"WAT,DGX",148
"WAT,ORCL",148
"WAT,AVY",148
"IDXX,V",148
"IDXX,CDNS",148
"IDXX,APH",148
"PRU,MTB",148
"SYK,GD",148
"SYK,WM",148
"SYK,CMCSA",148
"AOS,WU",148
"AOS,FAST",148
"AVB,PLD",148
"AIZ,DFS",148
"NSC,BRK.B",148
"IVZ,STT",148
"AIG,WU",148
"AIG,PCAR",148
"AIG,SCHW",148
"AIG,IT",148
"AIG,HRS",148
"AIG,C",148
"AIG,INTU",148
"AIG,ANSS",148
"O,SPG",148
"O,BXP",148
"DHR,LH",148
"DHR,TJX",148
"DHR,AME",148
"AFL,CDNS",148
"AFL,CMCSA",148
"AFL,DFS",148
"AFL,WAT",148
"MET,BRK.B",148
"BA,GD",148
"DPS,HSY",148
"DPS,LLL",148
"COL,L",148
"COL,APH",148
"COL,RHI",148
"LH,UHS",148
"XRAY,LH",148
"ANSS,AVY",148
"COO,BDX",148
"COO,CAG",148
"CSCO,PBCT",148
"CSCO,GOOG",148
"CSCO,BLK",148
"CSCO,MAS",148
"WBA,CINF",148
"HON,SYY",148
"HON,NOC",148
"HON,DOV",148
"HON,CDNS",148
"ISRG,CINF",148
"ISRG,ZBH",148
"EXR,BXP",148
"CINF,EL",148
"JEC,L",148
"AME,FAST",148
"AME,AXP",148
"AME,MMM",148
"AME,MMC",148
"BK,WFC",148
"BK,HBAN",148
"BK,AME",148
"PFG,MA",148
"WHR,MHK",148
"MNST,KO",148
"MSI,HRS",148
"MSFT,ADP",148
"ORCL,GOOG",148
"USB,ANSS",148
"USB,COL",148
"ITW,FIS",148
"ITW,EL",148
"ROK,GLW",148
"HIG,PBCT",148
"HIG,V",148
"HIG,DFS",148
"HSIC,SBUX",148
"HSIC,JNJ",148
"HII,L",148
"HII,CINF",148
"HII,HON",148
"LEG,DGX",148
"TXN,VRSK",148
"TXN,SNA",148
"RSG,DGX",148
"RSG,SNA",148
"ALGN,APH",148
"ADI,BRK.B",148
"ADI,DFS",148
"CDNS,CTAS",148
"CDNS,HSIC",148
"ROP,RSG",148
"ROP,GE",148
"ROP,USB",148
"ROP,FAST",148
"ROP,FDX",148
"ROP,DFS",148
"ROP,COL",148
"NTRS,CMA",148
"AMP,MTB",148
"UPS,ADI",148
"CTXS,ECL",148
"CTXS,APH",148
"CPB,SPG",148
"CPB,HRL",148
"MA,DGX",148
"MA,HSIC",148
"MA,MMC",148
"SJM,UDR",148
"SJM,REG",148
"ADP,ADI",148
"SWK,ALLE",148
"SWK,UPS",148
"SWK,TXN",148
"SWK,AME",148
"SWK,EXPD",148
"CVS,BRK.B",148
"HSY,SYY",148
"TXT,RHI",148
"TXT,AMP",148
"CCI,PLD",148
"CCI,ALL",148
"TEL,SNA",148
"TEL,PFG",148
"TEL,MCHP",148
"TEL,MTD",148
"ETFC,BAC",148
"BLL,CINF",148
"MCD,GOOGL",148
"MCD,HSIC",148
"MCD,JNJ",148
"NDAQ,CME",148
"NDAQ,CDNS",148
"MMM,PPG",148
"VAR,GOOGL",148
"VAR,MA",148
"VAR,GOOG",148
"VAR,A",148
"VAR,ADP",148
"VAR,CA",148
"ECL,DGX",148
"ECL,HSIC",148
"CB,PBCT",148
"CB,AIZ",148
"CB,ZBH",148
"JCI,ECL",148
"JCI,ADP",148
"A,MA",148
"A,ANSS",148
"A,ITW",148
"FDX,LEG",148
"FDX,ITW",148
"IR,FAST",148
"IR,ORCL",148
"IR,IBM",148
"IT,GD",148
"IT,LEG",148
"IT,HSIC",148
"IT,CINF",148
"MTB,MA",148
"HCN,FRT",148
"MCK,PFE",148
"LLL,EL",148
"GD,ECL",148
"GD,AIZ",148
"GD,REG",148
"MTD,RSG",148
"MTD,APD",148
"GE,PBCT",148
"PG,HSY",148
"PG,CINF",148
"PG,MCD",148
"TRV,LH",148
"TRV,HRS",148
"TRV,XL",148
"TRV,ADBE",148
"TRV,DFS",148
"ZION,MS",148
"PH,DOV",148
"PH,FDX",148
"PH,ANSS",148
"CL,GE",148
"CL,TJX",148
"CL,FRT",148
"CL,V",148
"CL,T",148
"CL,AVY",148
"CL,IBM",148
"AXP,BLK",148
"AXP,ITW",148
"MCO,NTRS",148
"MCO,MAR",148
"MCO,ALLE",148
"MCO,AXP",148
"MCO,CSCO",148
"CAG,SYY",148
"CAG,BRK.B",148
"GLW,ORCL",148
"GLW,FDX",148
"NOC,PCG",148
"NOC,BRK.B",148
"NOC,JNJ",148
"PM,CCI",148
"PM,VNO",148
"PM,LLL",148
"PM,EL",148
"SCHW,GS",148
"SCHW,IVZ",148
"L,LH",148
"L,CTAS",148
"L,BEN",148
"L,MMM",148
"L,EL",148
"VRSK,MSI",148
"ALLE,BDX",148
"ALLE,MTB",148
"ALLE,LLL",148
"PGR,CPB",148
"PGR,ADP",148
"IBM,SNA",148
"GOOGL,MRK",148
"GOOGL,ECL",148
"GOOGL,HSIC",148
"GOOGL,IBM",148
"PNC,GE",148
"ADBE,CINF",148
"RJF,STI",148
"CTSH,V",148
"EFX,IT",148
"EFX,ALL",148
"EFX,ECL",148
"EFX,ORCL",148
"EFX,IPG",148
"EFX,TXN",148
"EFX,CSCO",148
"PKI,DGX",148
"DVA,AJG",148
"DVA,DGX",148
"BF.B,DPS",148
"PX,DFS",148
"LLY,JNJ",148
"INTC,DGX",148
"INTC,ALLE",148
"INTC,L",148
"INTC,DFS",148
"INTC,MSFT",148
"LOW,UPS",148
"ESRX,BDX",148
"ESRX,MRK",148
"ESRX,ALLE",148
"ESRX,ZBH",148
"ESRX,HON",148
"ESRX,IBM",148
"COST,PG",148
"OMC,BDX",148
"OMC,IT",148
"OMC,GOOG",148
"OMC,TJX",148
"OMC,FDX",148
"OMC,KMB",148
"ABBV,AMGN",148
"RTN,MMM",148
"WM,APH",148
"WM,ADP",148
"WM,MMC",148
"WM,IBM",148
"KHC,WM",148
"KHC,ECL",148
"KHC,EFX",148
"EMN,GE",148
"EMN,BRK.B",148
"EMN,AME",148
"V,GE",148
"V,CDNS",148
"V,ITW",148
"SNPS,MMC",148
"SNPS,ZBH",148
"CHD,RSG",148
"UNH,MRK",148
"UNH,SBUX",148
"UNH,HSIC",148
"TSN,CHD",148
"TSN,MO",148
"TSN,HRL",148
"GIS,LMT",148
"GIS,MCD",148
"GIS,T",148
"UTX,MA",148
"UTX,PH",148
"DE,BRK.B",148
"ABC,MRK",148
"FAST,L",148
"GPC,ORLY",148
"GPC,PGR",148
"GPC,ALL",148
"GPC,FDX",148
"GPC,FLIR",148
"GPC,FIS",148
"GPC,SHW",148
"DIS,MA",147
"DIS,FOX",147
"DIS,FOXA",147
"DIS,ADP",147
"DIS,MSI",147
"EMR,AJG",147
"EMR,PNC",147
"EMR,APH",147
"EMR,IR",147
"EMR,SWK",147
"MAR,CINF",147
"PNR,FLR",147
"TSS,ROP",147
"EXPD,RSG",147
"EXPD,MA",147
"EXPD,CINF",147
"UNM,ETFC",147
"UNM,L",147
"WU,ECL",147
"WU,ALLE",147
"WU,BLK",147
"WU,LEG",147
"WU,PPG",147
"WU,MSI",147
"TROW,MA",147
"TROW,VRSK",147
"TROW,CB",147
"TROW,LNC",147
"TROW,PX",147
"TROW,CINF",147
"TROW,ITW",147
"TROW,CAH",147
"FRT,K",147
"FRT,CLX",147
"FISV,LMT",147
"FISV,ALL",147
"FISV,MSI",147
"UNP,XYL",147
"ALL,RTN",147
"ALL,SNA",147
"ALL,APH",147
"ALL,DFS",147
"PEP,GOOGL",147
"PEP,REG",147
"NLSN,MCO",147
"NLSN,APH",147
"TMK,GD",147
"TMK,MA",147
"TMK,ACN",147
"TMK,C",147
"TMK,ORCL",147
"TMK,INTC",147
"TMK,VAR",147
"TMK,ROK",147
"TMK,HON",147
"HD,GE",147
"HD,CMCSA",147
"WY,PPG",147
"PCLN,GOOGL",147
"MKC,CB",147
"MDT,FISV",147
"MDT,GE",147
"MDT,ALGN",147
"MHK,SNA",147
"TMO,MRK",147
"TMO,XYL",147
"TMO,MCO",147
"PLD,EQR",147
"INTU,LRCX",147
"INTU,GOOGL",147
"INTU,CTXS",147
"INTU,NLSN",147
"SLG,PLD",147
"IPG,FOX",147
"IPG,CINF",147
"IPG,CMCSA",147
"IPG,HD",147
"ETN,ALL",147
"ETN,UTX",147
"ETN,TXT",147
"ETN,CINF",147
"PAYX,RSG",147
"PAYX,AJG",147
"PAYX,WM",147
"PAYX,KHC",147
"PAYX,INTC",147
"PAYX,PEP",147
"AON,FISV",147
"AON,ACN",147
"AON,AIZ",147
"AON,ETN",147
"AON,ANSS",147
"COF,MS",147
"COF,MET",147
"COF,HBAN",147
"COF,L",147
"SYF,BBT",147
"TJX,ALL",147
"TJX,UPS",147
"WAT,BDX",147
"WAT,CTAS",147
"WAT,ALLE",147
"WAT,HSIC",147
"WAT,ADP",147
"WAT,MMC",147
"ABT,LH",147
"ABT,MRK",147
"ABT,BSX",147
"ABT,LLY",147
"ABT,CAH",147
"LMT,CHD",147
"LMT,CINF",147
"SYK,GOOGL",147
"SYK,AFL",147
"SYK,SYY",147
"SYK,UNH",147
"APH,SPGI",147
"APH,DFS",147
"AOS,SNA",147
"AOS,MCO",147
"IVZ,PBCT",147
"IVZ,BAC",147
"IVZ,KEY",147
"AIG,DIS",147
"AIG,CTAS",147
"AIG,ECL",147
"AIG,ESRX",147
"O,MAC",147
"O,PLD",147
"TWX,IPG",147
"DHR,GE",147
"DHR,TRV",147
"DHR,ALLE",147
"DHR,GPC",147
"DHR,ESRX",147
"DHR,PPG",147
"DHR,XRAY",147
"DHR,MMM",147
"DHR,ANSS",147
"DHR,ZBH",147
"DHR,IBM",147
"CTAS,ZBH",147
"DLTR,TJX",147
"WLTW,MMC",147
"AFL,HSIC",147
"AFL,AVY",147
"TAP,KO",147
"FBHS,ALLE",147
"COL,RSG",147
"COL,CMCSA",147
"COL,ITW",147
"LH,MRK",147
"LH,HRS",147
"XRAY,AFL",147
"HOLX,WAT",147
"AJG,ZBH",147
"CSCO,LEG",147
"CSCO,IDXX",147
"CSCO,SPGI",147
"PPG,FOX",147
"PPG,APH",147
"PPG,ZBH",147
"PSA,PLD",147
"HON,RSG",147
"HON,IPG",147
"HON,ADBE",147
"HON,AVY",147
"PFE,GD",147
"PFE,ZBH",147
"DGX,APH",147
"ISRG,BRK.B",147
"EXR,AIV",147
"CINF,LH",147
"CINF,MRK",147
"CMCSA,FOX",147
"CMCSA,AIZ",147
"AME,MSI",147
"LNC,IVZ",147
"LNC,STT",147
"YUM,PPG",147
"BK,ZION",147
"PFG,PBCT",147
"PFG,STT",147
"PFG,MTB",147
"LKQ,ANSS",147
"WHR,HON",147
"MNST,DPS",147
"CME,BRK.B",147
"MSI,BRK.B",147
"MSI,KO",147
"MSFT,MA",147
"MSFT,MSI",147
"MSFT,FB",147
"ORCL,CTAS",147
"WFC,STI",147
"USB,VRSK",147
"USB,HRS",147
"USB,CSCO",147
"ROK,GE",147
"KMB,GD",147
"KMB,BRK.B",147
"KMB,HSIC",147
"KMB,EXPD",147
"KMB,CMCSA",147
"HSIC,FB",147
"HSIC,KO",147
"SNA,AJG",147
"SNA,BRK.B",147
"SNA,MSI",147
"SNA,KO",147
"BAX,MTD",147
"LEG,HRS",147
"TXN,AJG",147
"TXN,GOOG",147
"TXN,ROK",147
"ALGN,XRAY",147
"ALGN,ANSS",147
"CDNS,FIS",147
"CDNS,ITW",147
"ROP,KMB",147
"AMP,COF",147
"UPS,AIZ",147
"UPS,EL",147
"CTXS,CDNS",147
"CPB,T",147
"CPB,STZ",147
"MMC,ACN",147
"MMC,LEG",147
"MMC,ANSS",147
"AZO,ROST",147
"STT,CFG",147
"ADP,HRS",147
"ADP,ITW",147
"SWK,GD",147
"SWK,AIZ",147
"SWK,ROP",147
"SWK,MHK",147
"SWK,ADI",147
"SWK,ROK",147
"AMT,UDR",147
"AMT,CINF",147
"AMT,KO",147
"ORLY,MA",147
"TXT,XYL",147
"TXT,BEN",147
"TXT,PPG",147
"TXT,MTB",147
"CCI,NOC",147
"CCI,IPG",147
"TEL,MA",147
"TEL,DGX",147
"TEL,LH",147
"TEL,HIG",147
"TEL,AME",147
"TEL,IBM",147
"BLK,XYL",147
"ETFC,BK",147
"RMD,AJG",147
"RMD,BDX",147
"CA,ECL",147
"MCD,ALL",147
"MCD,NOC",147
"MCD,K",147
"MCD,ADP",147
"MMM,EL",147
"VAR,RMD",147
"VAR,XL",147
"VAR,APD",147
"VAR,IDXX",147
"VAR,PKG",147
"VAR,MMM",147
"VAR,BAX",147
"ECL,LH",147
"ECL,MRK",147
"IP,FDX",147
"IP,IBM",147
"CB,BLL",147
"CB,BSX",147
"CB,VAR",147
"CB,SWK",147
"JCI,CMCSA",147
"FDX,APH",147
"FDX,ADP",147
"FDX,DFS",147
"IR,AFL",147
"IR,MA",147
"IR,AME",147
"IR,MSI",147
"PBCT,STT",147
"IT,CTAS",147
"IT,SNA",147
"IT,AIZ",147
"IT,GLW",147
"HCN,UDR",147
"HCN,VNO",147
"LLL,MRK",147
"LLL,KO",147
"GD,HSIC",147
"GD,JNJ",147
"GD,MMC",147
"MTD,LH",147
"MTD,FIS",147
"XLNX,TEL",147
"XLNX,AVGO",147
"XLNX,ECL",147
"XLNX,ORCL",147
"XLNX,ITW",147
"XLNX,MAS",147
"XLNX,SWK",147
"PG,PCG",147
"PG,CCI",147
"TRV,RTN",147
"TRV,DGX",147
"TRV,GOOG",147
"TRV,K",147
"TRV,CDNS",147
"TRV,ROP",147
"TRV,BSX",147
"JPM,PPG",147
"PH,FLS",147
"PH,MCHP",147
"PH,MSI",147
"CL,MA",147
"CL,L",147
"CL,HII",147
"CL,TXN",147
"CL,ANSS",147
"CL,WAT",147
"AXP,MA",147
"AXP,LEG",147
"MCO,PCLN",147
"MCO,LEG",147
"MCO,VAR",147
"MCO,ANSS",147
"GLW,APH",147
"NOC,SYY",147
"NOC,UPS",147
"NOC,CMCSA",147
"BBT,CSX",147
"K,HRL",147
"PM,GD",147
"PM,MCD",147
"SCHW,STI",147
"SCHW,BLK",147
"SCHW,BBT",147
"DRE,EQR",147
"DRE,VTR",147
"L,FIS",147
"VRSK,PBCT",147
"VRSK,AVY",147
"PGR,CHD",147
"PGR,AJG",147
"PGR,LLL",147
"IBM,AJG",147
"IBM,CTAS",147
"IBM,CINF",147
"IBM,APH",147
"ARE,UDR",147
"ARE,BXP",147
"GOOGL,AJG",147
"GOOGL,ACN",147
"GOOGL,NOC",147
"PCAR,TEL",147
"PCAR,DFS",147
"PNC,MS",147
"PNC,ITW",147
"ADBE,CDNS",147
"ESS,KIM",147
"WMT,CMCSA",147
"RJF,AXP",147
"RJF,CFG",147
"CTSH,ACN",147
"EFX,RSG",147
"EFX,VRSK",147
"EFX,MTD",147
"PKI,ECL",147
"MAC,SYY",147
"BF.B,APD",147
"VRSN,AJG",147
"PX,IT",147
"PX,ALLE",147
"PX,FAST",147
"PX,AIZ",147
"PX,ADP",147
"SEE,AJG",147
"SEE,PX",147
"EQIX,CTAS",147
"INTC,HRS",147
"INTC,V",147
"LOW,HON",147
"SHW,ADP",147
"DOV,GLW",147
"ESRX,L",147
"ESRX,DFS",147
"COST,RSG",147
"COST,GOOGL",147
"COST,TAP",147
"COST,JNJ",147
"OMC,CCI",147
"OMC,A",147
"OMC,L",147
"OMC,HSIC",147
"OMC,HD",147
"OMC,HAS",147
"GS,STT",147
"RTN,BDX",147
"WM,LMT",147
"WM,GOOG",147
"WM,ALL",147
"WM,OMC",147
"KHC,APD",147
"KHC,MSFT",147
"EMN,WYN",147
"EMN,TEL",147
"EMN,INTC",147
"V,CINF",147
"V,ANSS",147
"SNPS,BLL",147
"SNPS,SYY",147
"SNPS,XLNX",147
"SNPS,TEL",147
"SNPS,UPS",147
"SNPS,MCO",147
"SNPS,LLL",147
"CHD,NOC",147
"CHD,HRL",147
"CHD,LLL",147
"UNH,BRK.B",147
"BSX,CTAS",147
"TSN,KMB",147
"GIS,BF.B",147
"UTX,RSG",147
"UTX,VRSK",147
"UTX,SNA",147
"UTX,ECL",147
"UTX,ORCL",147
"UTX,PG",147
"UTX,OMC",147
"UTX,SWK",147
"DE,HON",147
"ABC,LH",147
"FAST,GD",147
"FAST,CDNS",147
"GPC,GE",147
"GPC,HRS",147
"GPC,FAST",147
"GPC,AIZ",147
"GPC,HSIC",147
"GPC,PPG",147
"GPC,APH",147
"GPC,IP",147
"GPC,IPG",147
"GPC,AME",147
"GPC,ROST",147
"GPC,HD",147
"GPC,SWK",147
"DIS,GOOGL",146
"DIS,VRSK",146
"DIS,ORCL",146
"TSS,V",146
"TSS,MSI",146
"TSS,VAR",146
"MAS,MA",146
"EXPD,CAG",146
"UNM,CFG",146
"WU,TEL",146
"WU,EMN",146
"WU,USB",146
"WU,MMC",146
"TROW,TEL",146
"TROW,INTC",146
"TROW,ESRX",146
"TROW,OMC",146
"TROW,COF",146
"TROW,JEC",146
"TROW,SPGI",146
"FRT,RSG",146
"FISV,TJX",146
"FISV,SRCL",146
"FISV,ROP",146
"FISV,HII",146
"ALL,GE",146
"ALL,ORCL",146
"ALL,SBUX",146
"ALL,T",146
"ALL,FDX",146
"ICE,GOOGL",146
"ICE,VRSK",146
"NLSN,GE",146
"NLSN,VAR",146
"TMK,EMR",146
"TMK,SNA",146
"TMK,V",146
"HD,GOOG",146
"HD,MSI",146
"HD,IBM",146
"MDLZ,VRSK",146
"MDLZ,K",146
"FFIV,ORCL",146
"EQR,KIM",146
"MKC,PSA",146
"MKC,VZ",146
"MKC,CVS",146
"RE,XL",146
"RE,KO",146
"SYY,RE",146
"MDT,CINF",146
"MDT,COO",146
"MDT,IDXX",146
"MDT,HON",146
"MDT,KMB",146
"KEY,WFC",146
"MHK,MSI",146
"TMO,ROP",146
"TMO,APH",146
"TMO,GLW",146
"TMO,ADP",146
"TMO,MSI",146
"TMO,ZBH",146
"TMO,HOLX",146
"INTU,DIS",146
"INTU,WU",146
"INTU,TRV",146
"INTU,CB",146
"INTU,FIS",146
"INTU,ADI",146
"IPG,VRSK",146
"IPG,BDX",146
"IPG,GE",146
"IPG,ALLE",146
"ETN,CAT",146
"PAYX,WBA",146
"AON,PG",146
"AON,T",146
"AON,IPG",146
"AON,TXN",146
"AON,OMC",146
"AON,EFX",146
"AON,EL",146
"COF,STT",146
"COF,ZION",146
"SYF,NTRS",146
"TJX,CINF",146
"IFF,PPG",146
"FITB,SCHW",146
"EL,APD",146
"WAT,XYL",146
"WAT,ALL",146
"WAT,CDNS",146
"WAT,CINF",146
"IDXX,BDX",146
"IDXX,HSIC",146
"PRU,L",146
"PRU,COF",146
"LMT,VRSK",146
"LMT,CLX",146
"SYK,RTN",146
"SYK,KHC",146
"SYK,XRAY",146
"SYK,IPG",146
"SYK,BSX",146
"SYK,HOLX",146
"APH,XYL",146
"AOS,IR",146
"AOS,HON",146
"AOS,WAT",146
"AOS,SWK",146
"BAC,STT",146
"BAC,DFS",146
"AVB,FRT",146
"AVB,VZ",146
"NSC,CSX",146
"NSC,USB",146
"NSC,UPS",146
"IVZ,GS",146
"IVZ,L",146
"AIG,GD",146
"AIG,AON",146
"AIG,BEN",146
"AIG,RHI",146
"AIG,SPGI",146
"AIG,COL",146
"AIG,SWK",146
"O,AVB",146
"O,VZ",146
"DHR,DGX",146
"DHR,XLNX",146
"DHR,ISRG",146
"DHR,UTX",146
"DHR,UPS",146
"DHR,TXN",146
"WLTW,TMK",146
"WLTW,ITW",146
"AFL,SNA",146
"AFL,AXP",146
"AFL,JCI",146
"AVY,FIS",146
"AMAT,ADI",146
"DPS,NOC",146
"COL,PPG",146
"COL,MTB",146
"COL,LLL",146
"GGP,BXP",146
"CFG,DFS",146
"SPG,RTN",146
"SPG,MAA",146
"SPG,K",146
"HOLX,BDX",146
"COO,DGX",146
"AJG,XL",146
"CBS,SNI",146
"CSCO,NTRS",146
"CSCO,SNA",146
"CSCO,PPG",146
"CSCO,FDX",146
"CSCO,DFS",146
"PPG,AVY",146
"PPG,SPGI",146
"WBA,RSG",146
"WBA,MA",146
"PSA,RSG",146
"PSA,SYY",146
"HON,LMT",146
"HON,LH",146
"HON,HSIC",146
"HON,MTB",146
"HON,JNJ",146
"HON,YUM",146
"DGX,ACN",146
"ISRG,CTAS",146
"CINF,HRS",146
"CINF,GOOG",146
"CINF,JNJ",146
"CMCSA,XYL",146
"JEC,ZBH",146
"AME,GD",146
"AME,VRSK",146
"AME,ALL",146
"AME,V",146
"AME,CINF",146
"AME,DFS",146
"LNC,MS",146
"LNC,MTB",146
"BK,BEN",146
"BK,MSI",146
"BK,RF",146
"WHR,LEG",146
"KLAC,GOOG",146
"KLAC,APH",146
"MSI,MCHP",146
"ORCL,MCHP",146
"ORCL,FIS",146
"USB,DIS",146
"USB,GE",146
"USB,SNA",146
"USB,XYL",146
"USB,A",146
"USB,V",146
"USB,RHI",146
"USB,CFG",146
"ITW,JNJ",146
"ITW,ZBH",146
"ROK,DOV",146
"ROK,MSI",146
"KMB,ECL",146
"HSIC,MRK",146
"HSIC,CMCSA",146
"HII,RTN",146
"HII,ADP",146
"HII,MMM",146
"SNA,EL",146
"BAX,ZBH",146
"LEG,PPG",146
"TXN,VRSN",146
"TXN,ECL",146
"TXN,MHK",146
"TXN,ITW",146
"RSG,AJG",146
"ADI,CINF",146
"CDNS,BRK.B",146
"CDNS,AVY",146
"CDNS,ADI",146
"ROP,APH",146
"ROP,MSI",146
"ROP,MSFT",146
"ROP,CSCO",146
"UPS,APH",146
"VTR,MAC",146
"CSX,BRK.B",146
"CTXS,GOOGL",146
"CTXS,GOOG",146
"CTXS,MHK",146
"CPB,MDLZ",146
"CPB,RTN",146
"MMC,XYL",146
"MMC,JNJ",146
"AZO,HSIC",146
"STT,RF",146
"MA,RSG",146
"MA,CINF",146
"MA,APD",146
"MA,ADI",146
"MA,FB",146
"SWK,AFL",146
"SWK,LEG",146
"SWK,FDX",146
"SWK,CMCSA",146
"SWK,SPGI",146
"SWK,ZBH",146
"AMT,MMC",146
"CVS,ALL",146
"CVS,PEP",146
"CCI,MO",146
"CCI,K",146
"CCI,MMM",146
"CCI,REG",146
"CCI,LLL",146
"CCI,KO",146
"TEL,CTAS",146
"TEL,ORCL",146
"TEL,APD",146
"ETFC,NTRS",146
"ETFC,HBAN",146
"BLL,APH",146
"BLL,MSI",146
"CA,MA",146
"CA,CDNS",146
"CA,ANSS",146
"MCD,RTN",146
"MCD,ORLY",146
"MCD,DPS",146
"MCD,EL",146
"NDAQ,GOOG",146
"VAR,GD",146
"VAR,LEG",146
"VAR,V",146
"VAR,FDX",146
"VAR,GLW",146
"VAR,LLL",146
"VAR,DFS",146
"ECL,SPGI",146
"CB,MA",146
"CB,V",146
"CB,APD",146
"CB,DFS",146
"CB,IBM",146
"A,GOOG",146
"VNO,CCI",146
"MO,HRL",146
"IR,NTRS",146
"IR,AJG",146
"IR,ECL",146
"IR,AXP",146
"IR,BRK.B",146
"IR,GWW",146
"IR,FDX",146
"IR,MTB",146
"PBCT,APH",146
"IT,ALL",146
"IT,ITW",146
"MTB,BRK.B",146
"MTB,APH",146
"C,PBCT",146
"HCN,ARE",146
"LLL,DGX",146
"LLL,SRCL",146
"LLL,FIS",146
"LLL,MMC",146
"HCP,FRT",146
"SWKS,QRVO",146
"GD,CTAS",146
"GD,AVY",146
"MTD,CINF",146
"GE,LH",146
"GE,MRK",146
"GE,ORCL",146
"XLNX,AIZ",146
"XLNX,JPM",146
"XLNX,HON",146
"FLIR,VRSK",146
"FLIR,BRK.B",146
"FLIR,FIS",146
"MS,RF",146
"PG,CB",146
"TRV,IT",146
"TRV,HII",146
"TRV,CLX",146
"TRV,LLL",146
"TRV,ITW",146
"TRV,ADI",146
"JPM,CFG",146
"NKE,SBUX",146
"PH,AFL",146
"PH,FOX",146
"PH,ROP",146
"PH,PPG",146
"PH,ADP",146
"CL,IT",146
"CL,SPG",146
"CL,WMT",146
"CL,RE",146
"CL,EXPD",146
"CL,TAP",146
"MCO,VRSK",146
"MCO,TXN",146
"MCO,ADBE",146
"CAG,CINF",146
"GLW,MA",146
"GLW,KLAC",146
"GLW,ANSS",146
"VZ,UDR",146
"VZ,FRT",146
"VZ,MCD",146
"NOC,MMM",146
"NOC,MMC",146
"BBT,PFG",146
"K,CTAS",146
"PM,CAG",146
"PM,TRV",146
"PM,HSY",146
"SCHW,L",146
"L,ORCL",146
"L,LLL",146
"VRSK,XYL",146
"VRSK,AXP",146
"SBAC,AMT",146
"PGR,HIG",146
"PGR,LEG",146
"PGR,RE",146
"PGR,XL",146
"PGR,EXPD",146
"PGR,VAR",146
"PGR,AVY",146
"PGR,DFS",146
"IBM,LKQ",146
"IBM,PPG",146
"IBM,MSI",146
"IBM,ITW",146
"GOOGL,MSI",146
"PCAR,USB",146
"PKG,APH",146
"PNC,ORCL",146
"PNC,PPG",146
"PNC,APH",146
"PNC,JEC",146
"PNC,HON",146
"PNC,CSCO",146
"ADBE,LEG",146
"ESS,BXP",146
"RJF,DFS",146
"EFX,SYY",146
"EFX,TEL",146
"EFX,L",146
"EFX,BRK.B",146
"PKI,CAH",146
"BF.B,AFL",146
"BF.B,LH",146
"BF.B,BRK.B",146
"BF.B,MMM",146
"BF.B,LLL",146
"VRSN,CTAS",146
"PX,HIG",146
"PX,V",146
"PX,MMC",146
"PX,COL",146
"SEE,HON",146
"EQIX,DRE",146
"INTC,GE",146
"INTC,MHK",146
"INTC,KLAC",146
"INTC,JCI",146
"LOW,ADI",146
"SHW,LH",146
"SHW,CDNS",146
"SHW,ITW",146
"ESRX,AJG",146
"ESRX,CB",146
"ESRX,ECL",146
"T,BRK.B",146
"T,CINF",146
"OMC,LH",146
"OMC,MAR",146
"OMC,TXT",146
"OMC,PX",146
"OMC,AVY",146
"OMC,SPGI",146
"GS,WFC",146
"RTN,HRS",146
"WM,SYY",146
"WM,PCG",146
"WM,ECL",146
"WM,PSA",146
"WM,REG",146
"WM,COL",146
"KHC,BRK.B",146
"EMN,MA",146
"EMN,MSI",146
"EMN,ADI",146
"EMN,BK",146
"V,AXP",146
"SNPS,VRSN",146
"SNPS,COO",146
"SNPS,PG",146
"SNPS,KO",146
"UNH,NOC",146
"UNH,JNJ",146
"UNH,HON",146
"BSX,CINF",146
"BSX,MTD",146
"TSN,CLX",146
"ZTS,ADP",146
"GIS,MAC",146
"GIS,HON",146
"UTX,CB",146
"UTX,PM",146
"HAS,BRK.B",146
"FAST,MCHP",146
"GPC,DGX",146
"GPC,TGT",146
"GPC,LOW",146
"GPC,VMC",146
"GPC,ORCL",146
"GPC,GWW",146
"GPC,HII",146
"GPC,PEP",146
"GPC,DFS",146
"DIS,SNA",145
"DIS,DFS",145
"DIS,EL",145
"EMR,GD",145
"EMR,DOV",145
"EMR,DFS",145
"MAR,BRK.B",145
"TSS,BLL",145
"TSS,SNPS",145
"MAS,AJG",145
"MAS,ADP",145
"MAS,ITW",145
"EXPD,CHD",145
"EXPD,MMC",145
"WU,PRU",145
"WU,ESRX",145
"WU,L",145
"WU,RHI",145
"WU,ADI",145
"TROW,PCAR",145
"TROW,TSS",145
"TROW,MS",145
"TROW,GPC",145
"TROW,PH",145
"TROW,VAR",145
"TROW,EFX",145
"TROW,FLR",145
"FRT,MAA",145
"FISV,AJG",145
"FISV,KIM",145
"FISV,SNA",145
"FISV,CB",145
"FISV,ORCL",145
"FISV,MCD",145
"FISV,GIS",145
"FISV,WBA",145
"FISV,SPGI",145
"FISV,ITW",145
"FISV,CA",145
"FISV,WAT",145
"UNP,BLK",145
"ALL,BDX",145
"ALL,XYL",145
"ALL,GLW",145
"ALL,IBM",145
"QCOM,APH",145
"PDCO,LH",145
"ICE,CTAS",145
"ICE,ADI",145
"PEP,RTN",145
"PEP,ADP",145
"NLSN,FISV",145
"NLSN,PH",145
"NLSN,UPS",145
"NLSN,ADP",145
"NLSN,HON",145
"VMC,ALLE",145
"TMK,DGX",145
"TMK,IT",145
"TMK,RHT",145
"TMK,ALLE",145
"TMK,SNPS",145
"TMK,APH",145
"TMK,COF",145
"TMK,EFX",145
"HD,MAA",145
"HD,A",145
"HD,HSIC",145
"FFIV,ADI",145
"MKC,KIM",145
"MKC,NOC",145
"MDT,LH",145
"MDT,UTX",145
"MDT,ESRX",145
"MDT,MTD",145
"MDT,KO",145
"MDT,SWK",145
"KEY,L",145
"MHK,ADBE",145
"MHK,GLW",145
"TMO,WU",145
"TMO,USB",145
"TMO,ECL",145
"TMO,ALLE",145
"TMO,V",145
"TMO,CDNS",145
"TMO,PPG",145
"INTU,WYN",145
"INTU,TSS",145
"INTU,ALL",145
"INTU,ROP",145
"INTU,BBT",145
"INTU,FDX",145
"INTU,VAR",145
"INTU,DFS",145
"INTU,ITW",145
"INTU,TROW",145
"SLG,DRE",145
"IPG,HSIC",145
"IPG,MSI",145
"IPG,ANSS",145
"IPG,MMC",145
"ETN,TRV",145
"ETN,MTB",145
"ETN,AMP",145
"HUM,AET",145
"PAYX,PLD",145
"PAYX,HSIC",145
"PAYX,GIS",145
"AON,WM",145
"AON,LLL",145
"AON,COL",145
"BRK.B,ZBH",145
"COF,BEN",145
"TJX,KLAC",145
"TJX,HD",145
"IFF,FIS",145
"FITB,TMK",145
"EL,KO",145
"WAT,GOOG",145
"WAT,BRK.B",145
"IDXX,ALLE",145
"IDXX,ADI",145
"PRU,DFS",145
"ABT,ABBV",145
"LMT,MA",145
"LMT,KO",145
"SYK,MMC",145
"SYK,WAT",145
"AOS,EMR",145
"AOS,ECL",145
"AOS,SNPS",145
"AOS,MHK",145
"HRS,XYL",145
"BAC,HBAN",145
"IVZ,STI",145
"AIG,LH",145
"AIG,BAC",145
"AIG,GPC",145
"AIG,EXPD",145
"DHR,SNA",145
"DHR,HRS",145
"DHR,KHC",145
"DHR,ORCL",145
"DHR,SBUX",145
"DHR,L",145
"DHR,ADP",145
"DHR,HAS",145
"DLTR,RTN",145
"DLTR,GOOG",145
"WLTW,SNPS",145
"AFL,NTRS",145
"AFL,XYL",145
"AFL,A",145
"AFL,XL",145
"AFL,APH",145
"AFL,MAS",145
"ACN,CTAS",145
"FBHS,SHW",145
"AVY,CTAS",145
"AVY,APD",145
"BDX,FIS",145
"DPS,HRL",145
"DPS,MMC",145
"XRAY,CINF",145
"XRAY,MMC",145
"SPG,RSG",145
"SPG,ARE",145
"SPG,PEP",145
"ANSS,GOOG",145
"ANSS,SPGI",145
"HOLX,A",145
"COO,TDG",145
"COO,ALLE",145
"AJG,GRMN",145
"CSCO,RSG",145
"CSCO,GOOGL",145
"CSCO,GE",145
"CSCO,MCHP",145
"CSCO,ADBE",145
"CSCO,GLW",145
"CSCO,EXPD",145
"CSCO,HD",145
"PPG,CTAS",145
"PSA,KIM",145
"PSA,PCG",145
"FB,MRK",145
"HON,TDG",145
"HON,FAST",145
"HON,MTD",145
"HON,GLW",145
"HON,DFS",145
"HON,ADI",145
"HON,ZBH",145
"PFE,AFL",145
"DGX,HRS",145
"ISRG,HOLX",145
"CMCSA,MRK",145
"CMCSA,RE",145
"JEC,NTRS",145
"AME,AIZ",145
"AME,UPS",145
"AME,CSCO",145
"LNC,COF",145
"BK,AIZ",145
"PFG,MS",145
"PFG,AXP",145
"PFG,BRK.B",145
"LKQ,PPG",145
"MSI,APD",145
"MSI,AVY",145
"MSFT,ECL",145
"MSFT,V",145
"ORCL,FOX",145
"USB,FAST",145
"USB,MSI",145
"USB,ITW",145
"ROK,USB",145
"ROK,HON",145
"HIG,AFL",145
"HIG,GE",145
"HIG,ECL",145
"HIG,PFG",145
"HIG,HON",145
"KMB,HD",145
"SNA,DGX",145
"SNA,APH",145
"SNA,DFS",145
"BAX,ISRG",145
"LEG,ITW",145
"TXN,CINF",145
"TXN,HON",145
"RSG,GOOG",145
"RSG,FIS",145
"ALGN,MTD",145
"ALGN,ADP",145
"ALGN,ZBH",145
"ADI,ACN",145
"ADI,KLAC",145
"CDNS,MSI",145
"ROP,BLL",145
"ROP,VRSK",145
"ROP,BDX",145
"ROP,SNA",145
"NTRS,WYN",145
"NTRS,ORCL",145
"AMP,RF",145
"UPS,SYY",145
"UPS,JNJ",145
"UPS,KO",145
"CSX,DFS",145
"CTXS,RHT",145
"CTXS,FIS",145
"MMC,SNA",145
"AZO,TJX",145
"STT,STI",145
"HCA,AJG",145
"MA,XYL",145
"MA,AIZ",145
"MA,EL",145
"SJM,CTAS",145
"SJM,NOC",145
"SJM,TAP",145
"SJM,JNJ",145
"ADP,TAP",145
"SWK,ACN",145
"SWK,AVY",145
"DHI,ADP",145
"AMT,GOOG",145
"ORLY,NOC",145
"ORLY,HON",145
"TXT,MMM",145
"CCI,MAC",145
"CCI,UDR",145
"CCI,MAA",145
"CCI,CTAS",145
"CCI,ECL",145
"CCI,CMCSA",145
"TEL,DIS",145
"TEL,XYL",145
"TEL,ROP",145
"TEL,MHK",145
"TEL,MTB",145
"BLK,MA",145
"BLK,PPG",145
"BLK,SPGI",145
"ETFC,MTB",145
"ETFC,CFG",145
"BLL,CMCSA",145
"CA,GOOG",145
"CA,BRK.B",145
"CA,HON",145
"CA,SWK",145
"MCD,MA",145
"MCD,PCG",145
"MCD,SBUX",145
"MCD,REG",145
"NDAQ,AFL",145
"NDAQ,VRSK",145
"NDAQ,LEG",145
"NDAQ,BRK.B",145
"MMM,RSG",145
"VAR,VRSK",145
"VAR,ISRG",145
"VAR,TXT",145
"VAR,EL",145
"ECL,BDX",145
"ECL,GOOG",145
"ECL,CDNS",145
"CB,RSG",145
"CB,BDX",145
"CB,FOX",145
"CB,NOC",145
"CB,HSY",145
"CB,ITW",145
"CB,KO",145
"CB,CAH",145
"A,BRK.B",145
"IR,GE",145
"IR,PKI",145
"IR,MHK",145
"IR,IP",145
"IR,WAT",145
"PBCT,MA",145
"PBCT,CMA",145
"PBCT,AIZ",145
"PBCT,CINF",145
"PBCT,MCHP",145
"PBCT,RF",145
"IT,DGX",145
"IT,ACN",145
"IT,PPG",145
"IT,CMCSA",145
"MTB,BLK",145
"C,WFC",145
"C,CMA",145
"LLL,MA",145
"LLL,MMM",145
"LLL,REG",145
"LLL,ITW",145
"HCP,SPG",145
"GD,CDNS",145
"GD,KO",145
"MTD,GD",145
"GE,DGX",145
"GE,FIS",145
"XLNX,USB",145
"F,BRK.B",145
"MS,STT",145
"PG,CSCO",145
"TRV,GOOGL",145
"TRV,SNA",145
"TRV,CPB",145
"TRV,TJX",145
"TRV,AMT",145
"TRV,EXPD",145
"TRV,KLAC",145
"TRV,CMCSA",145
"JPM,WYN",145
"JPM,HRS",145
"JPM,ANSS",145
"HBAN,WFC",145
"PH,GD",145
"PH,MTB",145
"CL,SNA",145
"CL,LEG",145
"CL,REG",145
"MCO,XLNX",145
"MCO,GOOG",145
"MCO,DHI",145
"MCO,APH",145
"MCO,ADP",145
"CAG,MO",145
"CAG,HRL",145
"CAG,MMC",145
"GLW,BLL",145
"GLW,LEG",145
"VZ,MO",145
"VZ,CCI",145
"VZ,JNJ",145
"NOC,MRK",145
"BBT,HIG",145
"BBT,ALLE",145
"BBT,BEN",145
"LUV,ALK",145
"PM,BRK.B",145
"L,PWR",145
"L,ADI",145
"AAP,ORLY",145
"VRSK,GD",145
"VRSK,DGX",145
"VRSK,CAH",145
"ALLE,ACN",145
"ALLE,ORCL",145
"ALLE,GRMN",145
"ALLE,MLM",145
"ALLE,GLW",145
"ALLE,SPGI",145
"PGR,PG",145
"IBM,A",145
"IBM,ANSS",145
"IBM,EL",145
"JBHT,APH",145
"TSCO,TJX",145
"GOOGL,VRSK",145
"GOOGL,ALLE",145
"GOOGL,EL",145
"PCAR,WYN",145
"PNC,TEL",145
"PNC,ALLE",145
"PNC,MCO",145
"PNC,SHW",145
"ADBE,UPS",145
"ESS,PLD",145
"WMT,RSG",145
"WMT,TGT",145
"RJF,PBCT",145
"EFX,LH",145
"EFX,LEG",145
"EFX,AIZ",145
"EFX,PPG",145
"PKI,JCI",145
"BF.B,NOC",145
"BF.B,VAR",145
"BF.B,CVS",145
"VRSN,CMCSA",145
"PX,BLL",145
"PX,DOV",145
"PX,GWW",145
"PX,CMCSA",145
"PX,CL",145
"PX,EL",145
"SEE,AFL",145
"INTC,SNA",145
"INTC,UPS",145
"INTC,ANSS",145
"INTC,ZBH",145
"LOW,GLW",145
"SHW,MA",145
"SHW,LEG",145
"SHW,HSIC",145
"SHW,FIS",145
"ESRX,ORCL",145
"ESRX,HSIC",145
"ESRX,PX",145
"ESRX,PPG",145
"ESRX,CMCSA",145
"ESRX,WBA",145
"ESRX,WAT",145
"T,MO",145
"T,MMM",145
"OMC,TEL",145
"OMC,NDAQ",145
"OMC,XYL",145
"OMC,USB",145
"OMC,WHR",145
"OMC,INTC",145
"OMC,AIZ",145
"OMC,MSI",145
"OMC,EL",145
"GS,AXP",145
"GS,RF",145
"RTN,MRK",145
"RTN,HSIC",145
"WM,VRSK",145
"WM,HRL",145
"WM,TXN",145
"KHC,CHD",145
"KHC,COST",145
"KHC,DGX",145
"KHC,CTAS",145
"KHC,SNA",145
"KHC,CCI",145
"KHC,REG",145
"KHC,BF.B",145
"EMN,TXT",145
"EMN,PFG",145
"EMN,APH",145
"EMN,GLW",145
"EMN,IR",145
"V,GD",145
"V,GOOGL",145
"V,CTAS",145
"V,GOOG",145
"V,BLK",145
"V,CMCSA",145
"V,SPGI",145
"SNPS,LRCX",145
"SNPS,BDX",145
"SNPS,TJX",145
"SNPS,FAST",145
"SNPS,HII",145
"SNPS,PEP",145
"SNPS,EXPD",145
"SNPS,FB",145
"SNPS,HAS",145
"CHD,CTAS",145
"CHD,REG",145
"UNH,DVA",145
"BSX,LH",145
"BSX,ECL",145
"BSX,A",145
"TSN,SJM",145
"UTX,IT",145
"UTX,ALL",145
"UTX,CDNS",145
"UTX,TXT",145
"UTX,HII",145
"UTX,VAR",145
"UTX,EL",145
"DE,GLW",145
"DE,ITW",145
"HAS,LEG",145
"ABC,HSIC",145
"FAST,UPS",145
"GPC,ALGN",145
"GPC,DOV",145
"GPC,RE",145
"GPC,AAP",145
"GPC,MTD",145
"GPC,JPM",145
"GPC,CA",145
DIS,252
EMR,252
HRB,252
UHS,252
CHK,252
DG,252
GOOG,252
MAR,252
PNR,252
TSS,252
DFS,252
MAS,252
SBUX,252
EXPD,252
UNM,252
XYL,252
MAT,252
AKAM,252
WU,252
KO,252
ALK,252
XL,252
EXPE,252
TROW,252
EA,252
FRT,252
WDC,252
AYI,252
FISV,252
JNJ,252
MCHP,252
SIG,252
UNP,252
CRM,252
ALL,252
QCOM,252
PDCO,252
SPGI,252
ICE,252
KR,252
PEP,252
NLSN,252
FOX,252
VMC,252
TMK,252
DISH,252
ZBH,252
HD,252
SRCL,252
URI,252
WY,252
TGT,252
PCLN,252
DLR,252
MDLZ,252
BWA,252
COTY,252
HRL,252
ARNC,252
FFIV,252
RRC,252
EQR,252
TRIP,252
MKC,252
ADSK,252
NAVI,252
RE,252
BMY,252
GPN,252
SYY,252
TDG,252
PHM,252
MDT,252
RF,252
KEY,252
NFLX,252
MHK,252
TMO,252
APC,252
PLD,252
INTU,252
CBG,252
SLG,252
REG,252
APD,252
IPG,252
ETN,252
MRK,252
HUM,252
PAYX,252
AON,252
AIV,252
EQT,252
BRK.B,252
COF,252
SYF,252
KIM,252
TJX,252
IFF,252
FITB,252
EL,252
WAT,252
GWW,252
IDXX,252
GPS,252
NFX,252
PRU,252
ABT,252
LMT,252
SYK,252
FIS,252
APH,252
RHI,252
AOS,252
HRS,252
BAC,252
AVB,252
XRX,252
PVH,252
FLR,252
AIZ,252
FLS,252
NSC,252
CHRW,252
IVZ,252
AIG,252
RL,252
EBAY,252
QRVO,252
TWX,252
CTAS,252
DLTR,252
AFL,252
TAP,252
MET,252
HBI,252
ACN,252
FBHS,252
AVY,252
AMAT,252
LB,252
BA,252
BDX,252
DPS,252
WRK,252
COL,252
EW,252
GGP,252
LH,252
HOG,252
NCLH,252
CFG,252
GRMN,252
XRAY,252
PCG,252
SPG,252
ANSS,252
HOLX,252
MLM,252
COO,252
AJG,252
CBS,252
CLX,252
CSCO,252
PPG,252
NTAP,252
MYL,252
NVDA,252
BXP,252
WBA,252
FCX,252
PSA,252
SYMC,252
RHT,252
FB,252
HON,252
AAPL,252
PFE,252
DGX,252
ISRG,252
ROST,252
EXR,252
CINF,252
VRTX,252
DAL,252
AMD,252
CMCSA,252
JEC,252
CMA,252
AME,252
STI,252
LNC,252
YUM,252
BK,252
WYNN,252
PFG,252
LKQ,252
WHR,252
KLAC,252
MNST,252
BEN,252
AMG,252
CME,252
MON,252
MSI,252
MSFT,252
ORCL,252
FMC,252
WFC,252
USB,252
ITW,252
ROK,252
ILMN,252
CERN,252
WYN,252
HIG,252
CMG,252
KMB,252
HSIC,252
HII,252
SNA,252
MOS,252
FL,252
BAX,252
LEG,252
TXN,252
RSG,252
ALGN,252
ADI,252
NWL,252
CDNS,252
ROP,252
NTRS,252
KSS,252
CMI,252
AMP,252
UPS,252
VTR,252
CSX,252
CTXS,252
HST,252
CELG,252
ADM,252
KSU,252
REGN,252
CPB,252
MMC,252
AZO,252
STT,252
HCA,252
MA,252
SJM,252
ADP,252
SWK,252
DHI,252
AMT,252
LEN,252
ORLY,252
ANTM,252
CVS,252
HSY,252
TXT,252
JNPR,252
CCI,252
SNI,252
GILD,252
STX,252
NWS,252
ADS,252
TEL,252
STZ,252
ULTA,252
BLK,252
CCL,252
TIF,252
ETFC,252
ALXN,252
HPE,252
RMD,252
CBOE,252
BLL,252
AVGO,252
PWR,252
CA,252
VIAB,252
MCD,252
LYB,252
NDAQ,252
MMM,252
VAR,252
ECL,252
IP,252
NUE,252
CB,252
JCI,252
NWSA,252
A,252
VNO,252
MO,252
AGN,252
FDX,252
IR,252
CTL,252
LUK,252
PBCT,252
IT,252
MTB,252
CF,252
C,252
HCN,252
INCY,252
MCK,252
LLL,252
HCP,252
SWKS,252
CI,252
GD,252
KMX,252
MTD,252
INFO,252
KORS,252
IQV,252
GE,252
XLNX,252
F,252
FLIR,252
MS,252
PG,252
TRV,252
ZION,252
JPM,252
NKE,252
HBAN,252
PH,252
MU,252
HPQ,252
CNC,252
CL,252
AXP,252
MCO,252
CAG,252
RCL,252
GLW,252
VZ,252
NOC,252
BBT,252
AAL,252
CAH,252
MGM,252
LUV,252
K,252
PM,252
UDR,252
SCHW,252
CHTR,252
DRE,252
L,252
AAP,252
VRSK,252
SBAC,252
DISCA,252
BBY,252
ALLE,252
PRGO,252
PGR,252
IBM,252
JBHT,252
DRI,252
ARE,252
TSCO,252
GOOGL,252
PCAR,252
PKG,252
PYPL,252
M,252
UAA,252
MAA,252
PNC,252
ADBE,252
ESS,252
WMT,252
RJF,252
CTSH,252
ATVI,252
GM,252
EFX,252
PKI,252
ANDV,252
MAC,252
CSRA,252
DVA,252
BF.B,252
VRSN,252
PX,252
AMZN,252
SEE,252
LLY,252
EQIX,252
FOXA,252
INTC,252
LOW,252
SHW,252
VFC,252
IRM,252
DOV,252
ESRX,252
LRCX,252
COST,252
T,252
OMC,252
GS,252
ABBV,252
RTN,252
WM,252
GT,252
NEM,252
DISCK,252
KHC,252
EMN,252
CAT,252
TPR,252
XEC,252
V,252
SNPS,252
CHD,252
UNH,252
BSX,252
TSN,252
ALB,252
UAL,252
AET,252
ZTS,252
BIIB,252
GIS,252
JWN,252
UTX,252
DE,252
HAS,252
AMGN,252
ABC,252
FAST,252
GPC,252
O,251
DHR,250
WLTW,250
UA,185
