,items,freq
0,"PNC,BBT,USB",160
1,"MKC,GIS,K",158
2,"PNC,USB,JPM",158
3,"PNC,BBT,STI",158
4,"USB,JPM,NTRS",157
5,"BBT,USB,JPM",157
6,"PNC,BBT,MTB",157
7,"AVB,UDR,AIV",156
8,"AIG,USB,JPM",156
9,"USB,JPM,MTB",156
10,"PNC,USB,MTB",156
11,"FITB,BBT,STI",155
12,"AIG,PNC,USB",155
13,"BBT,USB,MTB",155
14,"PNC,USB,STI",154
15,"GIS,CPB,K",154
16,"MKC,GIS,CPB",153
17,"BBT,USB,STI",153
18,"BBT,MTB,STI",153
19,"GOOGL,CMCSA,GOOG",153
20,"TMK,USB,JPM",152
21,"CL,KMB,PEP",152
22,"BBT,USB,NTRS",152
23,"PNC,USB,PBCT",152
24,"PNC,MTB,STI",152
25,"ADBE,GOOGL,GOOG",152
26,"AVB,ESS,UDR",151
27,"KMB,PEP,CLX",151
28,"CB,ALL,CINF",151
29,"TRV,ALL,CINF",151
30,"BBT,MTB,NTRS",151
31,"BBT,JPM,MTB",151
32,"ESS,UDR,AIV",151
33,"UNM,PRU,MET",150
34,"EQR,UDR,AIV",150
35,"USB,MTB,NTRS",150
36,"KMB,PEP,KO",150
37,"TRV,CB,CINF",150
38,"JPM,MTB,NTRS",150
39,"CL,PG,PEP",150
40,"PNC,USB,NTRS",150
41,"PNC,BBT,JPM",150
42,"BBT,JPM,STI",149
43,"BBT,KEY,STI",149
44,"PNC,BBT,PBCT",149
45,"PNC,JPM,MTB",149
46,"AVB,EQR,UDR",148
47,"AIG,BBT,USB",148
48,"USB,JPM,STI",148
49,"TRV,CB,ALL",148
50,"BBT,NTRS,STI",148
51,"BBT,USB,PBCT",148
52,"BBT,JPM,NTRS",148
53,"PNC,USB,DFS",148
54,"FITB,BBT,KEY",147
55,"AIG,USB,NTRS",147
56,"BK,MTB,NTRS",147
57,"USB,L,JPM",147
58,"CL,PEP,KO",147
59,"PM,PEP,KO",147
60,"PM,CL,PEP",147
61,"GOOGL,MA,GOOG",147
62,"GOOGL,ADP,GOOG",147
63,"GOOGL,FB,GOOG",147
64,"PNC,BBT,NTRS",147
65,"PNC,MTB,NTRS",147
66,"MKC,CPB,K",146
67,"MKC,PM,MO",146
68,"AVB,ESS,AIV",146
69,"BK,JPM,NTRS",146
70,"USB,JPM,PBCT",146
71,"USB,BK,NTRS",146
72,"CL,PG,KMB",146
73,"BBT,PBCT,STI",146
74,"BBT,BK,NTRS",146
75,"PNC,PBCT,STI",146
76,"PNC,MTB,PBCT",146
77,"PNC,JPM,STI",146
78,"ESS,EQR,UDR",146
79,"MKC,GIS,PM",145
80,"FITB,BBT,NTRS",145
81,"FITB,BBT,HBAN",145
82,"FITB,KEY,STI",145
83,"LMT,RTN,NOC",145
84,"AIG,TMK,USB",145
85,"LNC,PRU,MET",145
86,"USB,MTB,STI",145
87,"USB,BK,JPM",145
88,"CL,PEP,CLX",145
89,"PM,PEP,MO",145
90,"GOOGL,GOOG",229
91,"DISCK,DISCA",211
92,"FOXA,FOX",208
93,"NWSA,NWS",202
94,"WM,RSG",196
95,"UDR,AIV",195
96,"USB,JPM",194
97,"PRU,MET",193
98,"PNC,USB",192
99,"MKC,GIS",191
100,"CL,PG",190
101,"VZ,T",190
102,"BBT,STI",190
103,"PNC,BBT",190
104,"PEP,KO",189
105,"GIS,K",189
106,"FITB,BBT",188
107,"AIG,USB",188
108,"CL,PEP",188
109,"BBT,USB",188
110,"RTN,NOC",188
111,"V,MA",188
112,"GIS,CPB",188
113,"KMB,PEP",187
114,"BBT,MTB",187
115,"PNC,MTB",187
116,"ALL,CINF",186
117,"AVB,UDR",186
118,"BK,NTRS",186
119,"PM,MO",186
120,"SNPS,CDNS",186
121,"EQR,UDR",185
122,"AVB,ESS",185
123,"PNC,STI",185
124,"TMK,L",184
125,"PAYX,ADP",184
126,"DGX,LH",184
127,"USB,NTRS",184
128,"USB,MTB",184
129,"CB,CINF",184
130,"VNO,BXP",184
131,"TRV,CB",184
132,"MTB,NTRS",183
133,"TRV,CINF",183
134,"JPM,NTRS",183
135,"JPM,MTB",183
136,"UNM,PRU",182
137,"MKC,K",182
138,"AON,MMC",182
139,"FITB,STI",182
140,"LMT,NOC",182
141,"AVB,AIV",182
142,"KMB,CLX",182
143,"MMC,CINF",182
144,"BBT,NTRS",182
145,"BBT,JPM",182
146,"PNC,PBCT",182
147,"ESS,UDR",182
148,"LEN,DHI",181
149,"TRV,ALL",181
150,"PEP,CLX",180
151,"KEY,STI",180
152,"BAC,C",180
153,"LNC,PRU",180
154,"CB,ALL",180
155,"CL,KMB",180
156,"FISV,ADP",179
157,"TMK,USB",179
158,"AIG,PNC",179
159,"CFG,RF",179
160,"USB,PBCT",179
161,"CPB,K",179
162,"BBT,KEY",179
163,"PM,PEP",179
164,"PM,CL",179
165,"L,BRK.B",179
166,"PNC,JPM",179
167,"FRT,REG",178
168,"MKC,PM",178
169,"AON,AJG",178
170,"SPG,FRT",178
171,"BXP,KIM",178
172,"MTB,STI",178
173,"BBT,HBAN",178
174,"PM,KO",178
175,"INTC,TXN",178
176,"OMC,IPG",178
177,"TMK,JPM",177
178,"TMO,WAT",177
179,"FITB,KEY",177
180,"IVZ,BEN",177
181,"USB,STI",177
182,"PNC,DFS",177
183,"MKC,CPB",176
184,"AVB,EQR",176
185,"AIG,JPM",176
186,"SPG,MAC",176
187,"SPG,BXP",176
188,"HON,ITW",176
189,"USB,BLK",176
190,"USB,DFS",176
191,"C,STI",176
192,"HCN,VTR",176
193,"JPM,STI",176
194,"PH,ROK",176
195,"BBT,PBCT",176
196,"ESS,EQR",176
197,"LOW,HD",176
198,"CHD,CLX",176
199,"PEP,MO",175
200,"MKC,MO",175
201,"FITB,RF",175
202,"EXR,PSA",175
203,"KMB,KO",175
204,"PBCT,NTRS",175
205,"BBT,BK",175
206,"SCHW,ETFC",175
207,"LRCX,KLAC",175
208,"TMK,BRK.B",174
209,"KIM,REG",174
210,"AFL,BRK.B",174
211,"HON,BRK.B",174
212,"HON,MMM",174
213,"BK,JPM",174
214,"NTRS,STI",174
215,"ECL,CTAS",174
216,"PG,KO",174
217,"AXP,DFS",174
218,"PM,K",174
219,"PNC,NTRS",174
220,"ESS,AIV",174
221,"MAC,BXP",174
222,"GS,MS",174
223,"TROW,NTRS",173
224,"TROW,L",173
225,"TMK,AFL",173
226,"KEY,RF",173
227,"TJX,ROST",173
228,"FITB,HBAN",173
229,"PRU,NTRS",173
230,"DPS,CLX",173
231,"DPS,PEP",173
232,"AMP,IVZ",173
233,"MO,CLX",173
234,"PBCT,STI",173
235,"JPM,MET",173
236,"RJF,SCHW",173
237,"BF.B,PEP",173
238,"GPC,CINF",173
239,"EMR,ITW",172
240,"FISV,MA",172
241,"MKC,KMB",172
242,"BK,PBCT",172
243,"BK,MTB",172
244,"USB,L",172
245,"USB,BRK.B",172
246,"KMB,CHD",172
247,"TXN,MCHP",172
248,"TXN,ADI",172
249,"CPB,CLX",172
250,"XLNX,ADI",172
251,"MS,C",172
252,"PG,PEP",172
253,"PNC,WFC",172
254,"PNC,BK",172
255,"GS,JPM",172
256,"SNPS,ANSS",172
257,"GIS,SYY",172
258,"GPC,HON",172
259,"UNM,LNC",171
260,"UNM,MET",171
261,"FISV,GPC",171
262,"PEP,CHD",171
263,"PEP,PCG",171
264,"MKC,CLX",171
265,"BK,STI",171
266,"MMM,ITW",171
267,"PG,KMB",171
268,"JPM,C",171
269,"CL,CLX",171
270,"BBT,CFG",171
271,"L,JPM",171
272,"PGR,CB",171
273,"PGR,CINF",171
274,"FISV,VRSK",170
275,"SYK,BDX",170
276,"BAC,NTRS",170
277,"AVB,MAA",170
278,"AIG,TMK",170
279,"AIG,L",170
280,"AIG,BRK.B",170
281,"AFL,ALL",170
282,"CMA,RF",170
283,"USB,WFC",170
284,"USB,BK",170
285,"KMB,MO",170
286,"MO,SYY",170
287,"MTB,PBCT",170
288,"BBT,BAC",170
289,"BBT,RF",170
290,"DRE,VNO",170
291,"RJF,NTRS",170
292,"KHC,PM",170
293,"SNPS,LEG",170
294,"SNPS,ADP",170
295,"UNM,NTRS",169
296,"TROW,BLK",169
297,"TMK,HIG",169
298,"EQR,AIV",169
299,"MKC,KHC",169
300,"LMT,RTN",169
301,"BAC,PRU",169
302,"AIG,NTRS",169
303,"CINF,CTAS",169
304,"ORCL,BRK.B",169
305,"HIG,L",169
306,"CPB,SYY",169
307,"MMC,AJG",169
308,"SWK,ITW",169
309,"MMM,CINF",169
310,"CB,BRK.B",169
311,"ZION,STI",169
312,"ZION,CMA",169
313,"CL,SYY",169
314,"K,MO",169
315,"PM,SYY",169
316,"MAA,AIV",169
317,"PNC,C",169
318,"PNC,HBAN",169
319,"GM,F",169
320,"OMC,ECL",169
321,"OMC,CINF",169
322,"KHC,PEP",169
323,"GIS,PM",169
324,"TROW,USB",168
325,"FRT,KIM",168
326,"FISV,SNPS",168
327,"ALL,BRK.B",168
328,"TMK,PNC",168
329,"TMK,PRU",168
330,"MKC,SJM",168
331,"MKC,KO",168
332,"KEY,JPM",168
333,"COF,NTRS",168
334,"FITB,NTRS",168
335,"FITB,ZION",168
336,"WLTW,AJG",168
337,"SPG,GGP",168
338,"NTRS,MET",168
339,"SJM,CPB",168
340,"MMM,MMC",168
341,"CB,L",168
342,"CB,MMC",168
343,"GD,LLL",168
344,"ZION,RF",168
345,"JPM,BRK.B",168
346,"JPM,DFS",168
347,"CL,K",168
348,"CL,KO",168
349,"CL,HON",168
350,"BBT,C",168
351,"PM,PG",168
352,"INTC,ADI",168
353,"WM,PEP",168
354,"SNPS,VRSK",168
355,"SNPS,APH",168
356,"GPC,SNPS",168
357,"FISV,CTAS",167
358,"ALL,CTAS",167
359,"ALL,L",167
360,"ALL,RE",167
361,"ICE,CME",167
362,"VMC,MLM",167
363,"TMK,NTRS",167
364,"TMK,AIZ",167
365,"TMK,TROW",167
366,"MKC,SYY",167
367,"PAYX,ALL",167
368,"BRK.B,DFS",167
369,"COF,DFS",167
370,"BAC,STI",167
371,"AIG,BBT",167
372,"CLX,KO",167
373,"CSCO,MA",167
374,"HON,AFL",167
375,"CINF,AJG",167
376,"STI,CFG",167
377,"KMB,CINF",167
378,"RSG,CTAS",167
379,"AMP,BLK",167
380,"AMP,BEN",167
381,"UPS,BRK.B",167
382,"STT,NTRS",167
383,"MMM,BRK.B",167
384,"PG,CLX",167
385,"JPM,PBCT",167
386,"HBAN,STI",167
387,"HBAN,RF",167
388,"CL,CHD",167
389,"CL,CINF",167
390,"CL,MMM",167
391,"PM,KMB",167
392,"L,ECL",167
393,"PX,ITW",167
394,"GS,C",167
395,"KHC,CL",167
396,"GIS,KHC",167
397,"UNM,PNC",166
398,"FRT,MAC",166
399,"FISV,HON",166
400,"ALL,MMC",166
401,"PEP,RSG",166
402,"MKC,PEP",166
403,"INTU,ADP",166
404,"AFL,MMM",166
405,"AMAT,LRCX",166
406,"CINF,BRK.B",166
407,"LNC,MET",166
408,"PFG,PRU",166
409,"USB,BAC",166
410,"USB,C",166
411,"USB,MET",166
412,"ROK,ITW",166
413,"TXN,APH",166
414,"RSG,CINF",166
415,"ROP,ECL",166
416,"UPS,CINF",166
417,"CPB,MO",166
418,"CPB,DPS",166
419,"SJM,DPS",166
420,"ORLY,AZO",166
421,"TEL,APH",166
422,"ECL,AIZ",166
423,"VNO,UDR",166
424,"MCK,CAH",166
425,"CL,RSG",166
426,"CL,MO",166
427,"CL,BRK.B",166
428,"K,SYY",166
429,"PM,SJM",166
430,"SCHW,BK",166
431,"DRE,PLD",166
432,"PNC,BAC",166
433,"PX,ECL",166
434,"PX,HON",166
435,"INTC,APH",166
436,"SNPS,ECL",166
437,"SNPS,TXN",166
438,"GIS,MO",166
439,"GPC,LEG",166
440,"TROW,JPM",165
441,"TMK,PFG",165
442,"TMK,BBT",165
443,"KEY,CFG",165
444,"KEY,ZION",165
445,"INTU,ECL",165
446,"COF,C",165
447,"PRU,MS",165
448,"SYK,CTAS",165
449,"AFL,AJG",165
450,"AFL,L",165
451,"AFL,CINF",165
452,"SPG,REG",165
453,"CLX,PCG",165
454,"HON,L",165
455,"HON,ADP",165
456,"PFE,MRK",165
457,"AME,ITW",165
458,"STI,RF",165
459,"USB,GS",165
460,"MA,BRK.B",165
461,"SJM,SYY",165
462,"SJM,K",165
463,"ADP,CTAS",165
464,"ADP,UPS",165
465,"ADP,FIS",165
466,"ADP,ANSS",165
467,"ECL,BRK.B",165
468,"ECL,FIS",165
469,"VNO,MAC",165
470,"MO,KO",165
471,"FDX,UPS",165
472,"C,NTRS",165
473,"HCN,PLD",165
474,"PG,MO",165
475,"TRV,BRK.B",165
476,"BBT,COF",165
477,"BBT,DFS",165
478,"PM,T",165
479,"PM,CLX",165
480,"UDR,BXP",165
481,"L,NTRS",165
482,"L,UPS",165
483,"VRSK,LEG",165
484,"PGR,ALL",165
485,"GOOGL,CMCSA",165
486,"PNC,KEY",165
487,"PX,APD",165
488,"INTC,ORCL",165
489,"OMC,MA",165
490,"WM,CLX",165
491,"WM,CL",165
492,"GIS,CAG",165
493,"GIS,PEP",165
494,"UTX,HON",165
495,"ABC,CAH",165
496,"GPC,BRK.B",165
497,"TROW,PBCT",164
498,"TROW,AMP",164
499,"FISV,RSG",164
500,"FISV,FIS",164
501,"TMK,CINF",164
502,"TMK,BK",164
503,"MKC,DPS",164
504,"KEY,CMA",164
505,"KEY,MTB",164
506,"MHK,ALLE",164
507,"TMO,A",164
508,"WAT,PKI",164
509,"WAT,A",164
510,"AVB,BXP",164
511,"AIG,ALL",164
512,"BXP,REG",164
513,"HON,VRSK",164
514,"HON,GE",164
515,"HON,HRS",164
516,"HON,UPS",164
517,"LNC,NTRS",164
518,"BK,MET",164
519,"ADI,APH",164
520,"ROP,MMM",164
521,"AMP,BK",164
522,"VTR,PLD",164
523,"VTR,BXP",164
524,"SJM,KMB",164
525,"MCD,PEP",164
526,"VAR,AJG",164
527,"VAR,LH",164
528,"VAR,MTD",164
529,"VNO,ARE",164
530,"IT,VRSK",164
531,"MS,NTRS",164
532,"TRV,MMC",164
533,"HBAN,NTRS",164
534,"HBAN,C",164
535,"HBAN,MTB",164
536,"MCO,SPGI",164
537,"NOC,GD",164
538,"SCHW,NTRS",164
539,"DRE,UDR",164
540,"L,CINF",164
541,"GS,STI",164
542,"KHC,RSG",164
543,"SNPS,ROP",164
544,"GIS,DPS",164
545,"GIS,CLX",164
546,"GIS,CL",164
547,"UTX,GE",164
548,"GPC,CMCSA",164
549,"TROW,MTB",163
550,"UNP,CSX",163
551,"ALL,UPS",163
552,"TMK,UNM",163
553,"MKC,HRL",163
554,"KEY,NTRS",163
555,"KEY,PBCT",163
556,"PLD,BXP",163
557,"SLG,BXP",163
558,"PAYX,CINF",163
559,"BRK.B,JNJ",163
560,"PRU,JPM",163
561,"HRS,BRK.B",163
562,"AIG,UNM",163
563,"AIG,BK",163
564,"DPS,MO",163
565,"SPG,UDR",163
566,"SPG,KIM",163
567,"CSCO,BRK.B",163
568,"HON,GD",163
569,"AME,BRK.B",163
570,"BK,STT",163
571,"PFG,NTRS",163
572,"USB,PRU",163
573,"USB,AXP",163
574,"USB,KEY",163
575,"KMB,EL",163
576,"UPS,CTAS",163
577,"BLK,BRK.B",163
578,"MMM,UPS",163
579,"CB,UPS",163
580,"VNO,AIV",163
581,"IR,SWK",163
582,"PBCT,BLK",163
583,"PBCT,BRK.B",163
584,"MTB,CFG",163
585,"PG,CHD",163
586,"PG,HON",163
587,"JPM,WFC",163
588,"CL,ECL",163
589,"CL,EL",163
590,"AXP,JPM",163
591,"NOC,RSG",163
592,"DRE,SPG",163
593,"L,AIZ",163
594,"AAP,AZO",163
595,"VRSK,ADP",163
596,"PGR,TRV",163
597,"IBM,MA",163
598,"PNC,BRK.B",163
599,"ADBE,GOOG",163
600,"MAC,KIM",163
601,"OMC,ITW",163
602,"WM,CINF",163
603,"KHC,K",163
604,"SNPS,AJG",163
605,"SNPS,CTAS",163
606,"SNPS,BRK.B",163
607,"SNPS,KLAC",163
608,"GIS,RSG",163
609,"DIS,BRK.B",162
610,"UNM,STI",162
611,"UNM,BBT",162
612,"FRT,BXP",162
613,"FISV,UPS",162
614,"FISV,CL",162
615,"ALL,MMM",162
616,"PEP,SYY",162
617,"TMK,MET",162
618,"TMK,DFS",162
619,"MKC,REG",162
620,"MKC,CL",162
621,"MDT,MRK",162
622,"KEY,HBAN",162
623,"TMO,MA",162
624,"TMO,PKI",162
625,"PLD,KIM",162
626,"PLD,FRT",162
627,"INTU,APH",162
628,"ETN,IR",162
629,"FITB,MTB",162
630,"PRU,C",162
631,"LMT,GD",162
632,"APH,MCHP",162
633,"AIZ,BRK.B",162
634,"IVZ,NTRS",162
635,"AIG,AFL",162
636,"AIG,MET",162
637,"AIG,DFS",162
638,"AIG,TROW",162
639,"AFL,MA",162
640,"AFL,AIZ",162
641,"ANSS,CTAS",162
642,"HON,ALL",162
643,"HON,ECL",162
644,"HON,ALLE",162
645,"HON,ORCL",162
646,"HON,CSCO",162
647,"CMCSA,GOOG",162
648,"BK,BAC",162
649,"ITW,XYL",162
650,"ITW,BRK.B",162
651,"KMB,RTN",162
652,"ROP,AME",162
653,"AMP,NTRS",162
654,"AMP,PBCT",162
655,"AMP,PRU",162
656,"AMP,JPM",162
657,"UPS,ITW",162
658,"ADP,MA",162
659,"ADP,CINF",162
660,"VAR,ECL",162
661,"MTB,RF",162
662,"LLL,CTAS",162
663,"GD,CINF",162
664,"GD,MMM",162
665,"TRV,AJG",162
666,"JPM,MS",162
667,"CL,LLL",162
668,"NOC,LLL",162
669,"BBT,GS",162
670,"BBT,L",162
671,"PM,CPB",162
672,"L,DFS",162
673,"VRSK,ECL",162
674,"PGR,MMM",162
675,"MAA,UDR",162
676,"PNC,MET",162
677,"OMC,CA",162
678,"RTN,LLL",162
679,"WM,UPS",162
680,"SNPS,CL",162
681,"SNPS,HON",162
682,"CHD,K",162
683,"GIS,SJM",162
684,"UTX,MMM",162
685,"UNM,USB",161
686,"TROW,PNC",161
687,"TROW,PRU",161
688,"TROW,BK",161
689,"ALL,XL",161
690,"PEP,K",161
691,"TMK,PBCT",161
692,"MKC,RSG",161
693,"MKC,PCG",161
694,"MKC,PG",161
695,"PHM,LEN",161
696,"MHK,APH",161
697,"TMO,MTD",161
698,"INTU,SNPS",161
699,"INTU,MSI",161
700,"INTU,ANSS",161
701,"ETN,ITW",161
702,"MRK,JNJ",161
703,"PAYX,VRSK",161
704,"PAYX,UPS",161
705,"AON,TRV",161
706,"BRK.B,KO",161
707,"LMT,PEP",161
708,"SYK,RSG",161
709,"BAC,JPM",161
710,"AVB,VNO",161
711,"AIG,AXP",161
712,"AFL,ECL",161
713,"AFL,UPS",161
714,"AFL,ADP",161
715,"LH,ZBH",161
716,"AJG,BRK.B",161
717,"CLX,SYY",161
718,"CSCO,ITW",161
719,"FB,GOOG",161
720,"CMCSA,AJG",161
721,"CMCSA,CTAS",161
722,"BK,PRU",161
723,"BK,CFG",161
724,"USB,STT",161
725,"ITW,AJG",161
726,"ITW,APH",161
727,"KMB,K",161
728,"HSIC,BDX",161
729,"NTRS,DFS",161
730,"AMP,USB",161
731,"SJM,RSG",161
732,"SJM,CAG",161
733,"SJM,PEP",161
734,"ADP,CMCSA",161
735,"SWK,AJG",161
736,"ECL,UPS",161
737,"ECL,CINF",161
738,"ECL,APD",161
739,"ECL,ADP",161
740,"VNO,KIM",161
741,"PBCT,DFS",161
742,"GE,ITW",161
743,"PG,MMM",161
744,"PG,LLL",161
745,"ZION,PBCT",161
746,"CL,SJM",161
747,"CL,MCD",161
748,"BBT,PRU",161
749,"K,RSG",161
750,"UDR,KIM",161
751,"DRE,FRT",161
752,"ALLE,MA",161
753,"ALLE,LEG",161
754,"PGR,L",161
755,"PCAR,PH",161
756,"PNC,GS",161
757,"PNC,L",161
758,"ADBE,GOOGL",161
759,"BF.B,KO",161
760,"PX,GLW",161
761,"ESRX,LH",161
762,"GS,NTRS",161
763,"SNPS,OMC",161
764,"SNPS,CSCO",161
765,"CHD,CINF",161
766,"GIS,TSN",161
767,"UTX,ITW",161
768,"FAST,ITW",161
769,"GPC,RSG",161
770,"EMR,HON",160
771,"UNM,PFG",160
772,"TROW,BBT",160
773,"FISV,V",160
774,"EQR,BXP",160
775,"MKC,CHD",160
776,"KEY,C",160
777,"IPG,ECL",160
778,"ETN,EMR",160
779,"ETN,PX",160
780,"PAYX,FISV",160
781,"PAYX,ORCL",160
782,"AON,BRK.B",160
783,"FITB,C",160
784,"EL,BRK.B",160
785,"SYK,FISV",160
786,"BAC,MS",160
787,"AVB,SPG",160
788,"AIG,HIG",160
789,"AIG,PRU",160
790,"AIG,MTB",160
791,"DHR,BDX",160
792,"DHR,CTAS",160
793,"DHR,ECL",160
794,"DHR,SNPS",160
795,"AFL,MMC",160
796,"DPS,K",160
797,"XRAY,HSIC",160
798,"SPG,PLD",160
799,"ANSS,APH",160
800,"CSCO,ORCL",160
801,"HON,AJG",160
802,"HON,CINF",160
803,"CINF,RE",160
804,"CMCSA,CINF",160
805,"JEC,FLR",160
806,"CMA,CFG",160
807,"STI,DFS",160
808,"LNC,CFG",160
809,"MSI,CTAS",160
810,"USB,MA",160
811,"KMB,SYY",160
812,"KMB,LLL",160
813,"SNA,CINF",160
814,"BAX,BDX",160
815,"RSG,BRK.B",160
816,"ROP,CINF",160
817,"AMP,STT",160
818,"AMP,PFG",160
819,"VTR,SPG",160
820,"VTR,FRT",160
821,"SJM,KO",160
822,"ADP,GOOG",160
823,"ADP,APH",160
824,"SWK,XYL",160
825,"SWK,ANSS",160
826,"VAR,HSIC",160
827,"CB,AFL",160
828,"C,MTB",160
829,"GD,AJG",160
830,"XLNX,TXN",160
831,"TRV,CTAS",160
832,"TRV,KO",160
833,"JPM,BLK",160
834,"HBAN,JPM",160
835,"HBAN,ZION",160
836,"CL,CTAS",160
837,"CL,DPS",160
838,"CL,CMCSA",160
839,"CL,JNJ",160
840,"MCO,BRK.B",160
841,"BBT,ZION",160
842,"BBT,AMP",160
843,"PM,RSG",160
844,"VRSK,MA",160
845,"VRSK,L",160
846,"VRSK,BRK.B",160
847,"ALLE,BRK.B",160
848,"IBM,ORCL",160
849,"IBM,UPS",160
850,"PNC,AXP",160
851,"PNC,CFG",160
852,"RJF,PNC",160
853,"RJF,AMP",160
854,"PKI,A",160
855,"PX,ORCL",160
856,"INTC,ITW",160
857,"OMC,VRSK",160
858,"OMC,ORCL",160
859,"OMC,CMCSA",160
860,"SNPS,MA",160
861,"GIS,KMB",160
862,"GPC,CTAS",160
863,"GPC,PX",160
864,"GPC,ITW",160
865,"GPC,AZO",160
866,"EXPD,UPS",159
867,"WU,HON",159
868,"TROW,IVZ",159
869,"FISV,BRK.B",159
870,"PEP,NOC",159
871,"TMK,VRSK",159
872,"MKC,HSY",159
873,"KEY,GS",159
874,"INTU,VRSK",159
875,"ETN,ROK",159
876,"PAYX,INTU",159
877,"AON,VAR",159
878,"FITB,PBCT",159
879,"FITB,CFG",159
880,"FITB,JPM",159
881,"LMT,RSG",159
882,"LMT,LLL",159
883,"SYK,ISRG",159
884,"BAC,MET",159
885,"BAC,MTB",159
886,"BAC,RF",159
887,"AVB,PSA",159
888,"AVB,REG",159
889,"IVZ,PRU",159
890,"DHR,HSIC",159
891,"CTAS,APH",159
892,"DPS,KO",159
893,"AJG,XYL",159
894,"CSCO,UPS",159
895,"HON,PPG",159
896,"CINF,SYY",159
897,"CINF,AIZ",159
898,"BK,C",159
899,"BK,KEY",159
900,"PFG,MET",159
901,"MSI,ANSS",159
902,"ORCL,ANSS",159
903,"ITW,CINF",159
904,"HIG,AIZ",159
905,"HII,RSG",159
906,"TXN,IBM",159
907,"RSG,SYY",159
908,"ADI,MCHP",159
909,"CDNS,CINF",159
910,"ROP,AJG",159
911,"ROP,ALL",159
912,"ROP,BRK.B",159
913,"UPS,DFS",159
914,"MMC,CTAS",159
915,"MMC,ITW",159
916,"ADP,ACN",159
917,"SWK,SNA",159
918,"SWK,MMC",159
919,"TEL,AJG",159
920,"VAR,CINF",159
921,"VNO,SPG",159
922,"VNO,EQR",159
923,"C,MET",159
924,"PG,K",159
925,"TRV,RE",159
926,"TRV,UPS",159
927,"TRV,HON",159
928,"ZION,NTRS",159
929,"CL,GD",159
930,"CL,ALL",159
931,"CL,ORCL",159
932,"MCO,BLK",159
933,"BBT,CMA",159
934,"K,CAG",159
935,"K,HSY",159
936,"K,KO",159
937,"PM,CHD",159
938,"PM,DPS",159
939,"PM,CINF",159
940,"SCHW,LNC",159
941,"DRE,KIM",159
942,"DRE,HCN",159
943,"DRE,BXP",159
944,"L,MTB",159
945,"VRSK,CINF",159
946,"ALLE,VRSK",159
947,"PGR,BRK.B",159
948,"GOOGL,MA",159
949,"PNC,PRU",159
950,"RJF,ETFC",159
951,"EFX,AJG",159
952,"BF.B,PM",159
953,"PX,TEL",159
954,"INTC,CSCO",159
955,"OMC,CTAS",159
956,"OMC,VAR",159
957,"WM,CAG",159
958,"WM,KMB",159
959,"KHC,MDLZ",159
960,"EMN,PX",159
961,"CAT,CMI",159
962,"SNPS,RSG",159
963,"SNPS,GOOG",159
964,"SNPS,V",159
965,"SNPS,IBM",159
966,"SNPS,SWK",159
967,"GIS,CHD",159
968,"GIS,PCG",159
969,"GIS,CINF",159
970,"GPC,UPS",159
971,"GPC,CSCO",159
972,"EMR,AME",158
973,"TROW,GE",158
974,"TROW,HIG",158
975,"FRT,ARE",158
976,"FISV,SYY",158
977,"FISV,ECL",158
978,"FISV,ALLE",158
979,"FISV,LEG",158
980,"FISV,OMC",158
981,"ALL,ECL",158
982,"PEP,CTAS",158
983,"PEP,CINF",158
984,"TMK,ALL",158
985,"EQR,MAA",158
986,"MKC,CINF",158
987,"MKC,TSN",158
988,"PLD,MAC",158
989,"INTU,MA",158
990,"INTU,V",158
991,"PAYX,CL",158
992,"AON,L",158
993,"AON,SWK",158
994,"COF,MTB",158
995,"COF,JPM",158
996,"FITB,PNC",158
997,"LMT,MMM",158
998,"SYK,MDT",158
999,"SYK,BAX",158
1000,"AIG,MA",158
1001,"AIG,PBCT",158
1002,"DHR,BRK.B",158
1003,"DHR,ROP",158
1004,"DHR,VAR",158
1005,"AFL,VRSK",158
1006,"AFL,EL",158
1007,"HON,MA",158
1008,"CINF,DGX",158
1009,"LNC,STI",158
1010,"LNC,C",158
1011,"BK,LNC",158
1012,"BK,COF",158
1013,"MSI,PPG",158
1014,"USB,HBAN",158
1015,"USB,FDX",158
1016,"HIG,ALL",158
1017,"KMB,RSG",158
1018,"KMB,CTAS",158
1019,"BAX,MRK",158
1020,"LEG,BRK.B",158
1021,"TXN,CSCO",158
1022,"CDNS,LH",158
1023,"ROP,CTAS",158
1024,"ROP,XYL",158
1025,"ROP,HON",158
1026,"NTRS,CFG",158
1027,"AMP,STI",158
1028,"AMP,DFS",158
1029,"UPS,RSG",158
1030,"UPS,AJG",158
1031,"MMC,BRK.B",158
1032,"MA,ACN",158
1033,"MA,MSI",158
1034,"ADP,AJG",158
1035,"ADP,CDNS",158
1036,"SWK,GE",158
1037,"CCI,AMT",158
1038,"TEL,L",158
1039,"TEL,HON",158
1040,"NDAQ,ICE",158
1041,"MMM,AJG",158
1042,"VAR,WAT",158
1043,"CB,VRSK",158
1044,"IR,ALLE",158
1045,"IT,ADP",158
1046,"LLL,HRS",158
1047,"TRV,GD",158
1048,"TRV,VRSK",158
1049,"CL,LMT",158
1050,"VZ,KMB",158
1051,"BBT,WFC",158
1052,"BBT,MS",158
1053,"K,CLX",158
1054,"PM,REG",158
1055,"SCHW,PRU",158
1056,"L,PBCT",158
1057,"VRSK,CTAS",158
1058,"ALLE,LH",158
1059,"PNC,MA",158
1060,"PNC,BLK",158
1061,"PNC,COF",158
1062,"PNC,AMP",158
1063,"RJF,MS",158
1064,"MAC,UDR",158
1065,"PX,AJG",158
1066,"OMC,RSG",158
1067,"OMC,MTD",158
1068,"OMC,CL",158
1069,"OMC,IBM",158
1070,"GS,MET",158
1071,"GS,MTB",158
1072,"WM,CTAS",158
1073,"WM,NOC",158
1074,"KHC,MO",158
1075,"KHC,KO",158
1076,"EMN,L",158
1077,"V,ALLE",158
1078,"SNPS,IT",158
1079,"SNPS,TRV",158
1080,"SNPS,ALL",158
1081,"SNPS,ALLE",158
1082,"SNPS,CINF",158
1083,"SNPS,MSI",158
1084,"TSN,DPS",158
1085,"GIS,KO",158
1086,"GPC,VRSK",158
1087,"EXPD,ECL",157
1088,"TROW,AFL",157
1089,"TROW,DFS",157
1090,"FISV,AFL",157
1091,"FISV,IT",157
1092,"FISV,ACN",157
1093,"FISV,PEP",157
1094,"FISV,ANSS",157
1095,"ALL,GD",157
1096,"ALL,AJG",157
1097,"PDCO,HSIC",157
1098,"PEP,CAG",157
1099,"PEP,BRK.B",157
1100,"TMK,AJG",157
1101,"TMK,TEL",157
1102,"TMK,TRV",157
1103,"TMK,CB",157
1104,"TMK,ECL",157
1105,"TMK,ANSS",157
1106,"MDT,BDX",157
1107,"INTU,CTAS",157
1108,"INTU,GOOG",157
1109,"INTU,IDXX",157
1110,"SLG,VNO",157
1111,"PAYX,CTAS",157
1112,"PAYX,ECL",157
1113,"PAYX,HON",157
1114,"AON,JPM",157
1115,"COF,PBCT",157
1116,"COF,GS",157
1117,"KIM,AIV",157
1118,"FITB,USB",157
1119,"FITB,CMA",157
1120,"WAT,MRK",157
1121,"WAT,MTD",157
1122,"PRU,STI",157
1123,"PRU,STT",157
1124,"SYK,LH",157
1125,"BAC,COF",157
1126,"BAC,ZION",157
1127,"AIG,GS",157
1128,"AIG,ALLE",157
1129,"CTAS,BRK.B",157
1130,"AFL,ITW",157
1131,"BDX,MRK",157
1132,"COO,LH",157
1133,"CSCO,IBM",157
1134,"HON,SNA",157
1135,"HON,LLL",157
1136,"HON,EL",157
1137,"DGX,ZBH",157
1138,"CINF,CLX",157
1139,"CINF,KO",157
1140,"CMCSA,BRK.B",157
1141,"AME,ALLE",157
1142,"BK,AXP",157
1143,"PFG,LNC",157
1144,"MSI,CMCSA",157
1145,"KMB,PCG",157
1146,"KMB,MMM",157
1147,"LEG,CTAS",157
1148,"LEG,ANSS",157
1149,"TXN,GLW",157
1150,"TXN,ADP",157
1151,"RSG,CLX",157
1152,"CPB,PEP",157
1153,"CPB,KMB",157
1154,"MA,FIS",157
1155,"SWK,IBM",157
1156,"HSY,CLX",157
1157,"TXT,ITW",157
1158,"TXT,HON",157
1159,"TEL,ITW",157
1160,"CBOE,CME",157
1161,"MCD,KO",157
1162,"VAR,IPG",157
1163,"ECL,CMCSA",157
1164,"ECL,ITW",157
1165,"CB,ECL",157
1166,"CB,ORCL",157
1167,"CB,RE",157
1168,"CB,MMM",157
1169,"CB,JNJ",157
1170,"VNO,PLD",157
1171,"VNO,REG",157
1172,"IR,ITW",157
1173,"C,RF",157
1174,"HCP,HCN",157
1175,"HCP,VTR",157
1176,"MTD,A",157
1177,"GE,AJG",157
1178,"GE,ECL",157
1179,"GE,BRK.B",157
1180,"MS,STI",157
1181,"TRV,L",157
1182,"TRV,PEP",157
1183,"PH,XYL",157
1184,"PH,CAT",157
1185,"CL,VRSK",157
1186,"CL,NOC",157
1187,"BBT,STT",157
1188,"CAH,LH",157
1189,"L,BLK",157
1190,"VRSK,ORCL",157
1191,"VRSK,ANSS",157
1192,"JBHT,UPS",157
1193,"ESS,VNO",157
1194,"RJF,BK",157
1195,"EFX,HSIC",157
1196,"MAC,REG",157
1197,"BF.B,IT",157
1198,"BF.B,CL",157
1199,"PX,PPG",157
1200,"INTC,VRSK",157
1201,"INTC,TEL",157
1202,"ESRX,CAH",157
1203,"COST,KO",157
1204,"OMC,MMC",157
1205,"OMC,EFX",157
1206,"OMC,COL",157
1207,"WM,CPB",157
1208,"KHC,CAG",157
1209,"EMN,USB",157
1210,"TSN,K",157
1211,"GIS,HSY",157
1212,"FAST,GWW",157
1213,"GPC,GD",157
1214,"GPC,AFL",157
1215,"GPC,ALLE",157
1216,"GPC,MMM",157
1217,"EMR,PH",156
1218,"EMR,PX",156
1219,"MAS,ALLE",156
1220,"UNM,RJF",156
1221,"WU,AJG",156
1222,"TROW,BEN",156
1223,"FISV,GOOGL",156
1224,"FISV,MMC",156
1225,"ALL,ITW",156
1226,"TMK,PCAR",156
1227,"MDLZ,CAG",156
1228,"MKC,CAG",156
1229,"KEY,DFS",156
1230,"TMO,BDX",156
1231,"PLD,UDR",156
1232,"INTU,BRK.B",156
1233,"ETN,PH",156
1234,"PAYX,CMCSA",156
1235,"AON,MA",156
1236,"AON,VRSK",156
1237,"AON,CTAS",156
1238,"AON,CB",156
1239,"FITB,BAC",156
1240,"PRU,GS",156
1241,"ABT,AMGN",156
1242,"SYK,MCD",156
1243,"SYK,JNJ",156
1244,"SYK,EFX",156
1245,"BAC,KEY",156
1246,"AVB,EXR",156
1247,"AIG,EMN",156
1248,"AIG,ADP",156
1249,"AIG,VAR",156
1250,"AIG,HON",156
1251,"O,FRT",156
1252,"DHR,CL",156
1253,"AFL,GD",156
1254,"BDX,JNJ",156
1255,"DPS,RSG",156
1256,"DPS,CHD",156
1257,"DPS,CAG",156
1258,"GGP,FRT",156
1259,"PCG,SYY",156
1260,"ANSS,BRK.B",156
1261,"AJG,LH",156
1262,"AJG,CTAS",156
1263,"AJG,ANSS",156
1264,"CSCO,AJG",156
1265,"HON,XYL",156
1266,"HON,COL",156
1267,"PFE,JNJ",156
1268,"BK,GS",156
1269,"BK,L",156
1270,"BK,BRK.B",156
1271,"MNST,PEP",156
1272,"ORCL,CINF",156
1273,"USB,COF",156
1274,"USB,HON",156
1275,"ITW,APD",156
1276,"HSIC,LH",156
1277,"RSG,CMCSA",156
1278,"ALGN,ISRG",156
1279,"ADI,ORCL",156
1280,"ROP,ORCL",156
1281,"ROP,ADP",156
1282,"ROP,CMCSA",156
1283,"AMP,MET",156
1284,"UPS,ANSS",156
1285,"VTR,UDR",156
1286,"VTR,KIM",156
1287,"VTR,REG",156
1288,"CPB,CHD",156
1289,"MA,GOOG",156
1290,"MA,CDNS",156
1291,"SJM,CLX",156
1292,"SWK,ECL",156
1293,"SWK,CDNS",156
1294,"SWK,APH",156
1295,"AMT,PEP",156
1296,"BLK,STT",156
1297,"CA,ITW",156
1298,"VAR,DGX",156
1299,"VAR,TEL",156
1300,"ECL,PPG",156
1301,"ECL,MMM",156
1302,"CB,AJG",156
1303,"CB,CTAS",156
1304,"CB,ANSS",156
1305,"IT,ECL",156
1306,"IT,HON",156
1307,"MTB,WFC",156
1308,"MTB,DFS",156
1309,"C,CFG",156
1310,"LLL,RSG",156
1311,"LLL,BRK.B",156
1312,"XLNX,MCHP",156
1313,"HBAN,CFG",156
1314,"PH,ITW",156
1315,"CL,RTN",156
1316,"CL,ITW",156
1317,"AXP,BRK.B",156
1318,"MCO,DFS",156
1319,"CAG,RSG",156
1320,"BBT,MET",156
1321,"PM,JNJ",156
1322,"SCHW,MET",156
1323,"ALLE,CINF",156
1324,"ALLE,CMCSA",156
1325,"IBM,GOOG",156
1326,"IBM,CMCSA",156
1327,"RJF,BAC",156
1328,"PKI,MTD",156
1329,"PX,MA",156
1330,"PX,MHK",156
1331,"PX,AME",156
1332,"LLY,MRK",156
1333,"INTC,HON",156
1334,"T,UPS",156
1335,"T,CLX",156
1336,"OMC,CDNS",156
1337,"OMC,BRK.B",156
1338,"SNPS,CTXS",156
1339,"SNPS,EFX",156
1340,"CHD,MO",156
1341,"CHD,CAG",156
1342,"BSX,ZBH",156
1343,"GIS,MDLZ",156
1344,"GIS,HRL",156
1345,"UTX,L",156
1346,"UTX,UPS",156
1347,"UTX,LLL",156
1348,"DE,DIS",156
1349,"GPC,TEL",156
1350,"GPC,WM",156
1351,"GPC,CB",156
1352,"GPC,PH",156
1353,"GPC,CL",156
1354,"MAS,PPG",155
1355,"WU,MA",155
1356,"TROW,STT",155
1357,"TROW,TXT",155
1358,"FISV,STZ",155
1359,"ALL,VRSK",155
1360,"ALL,ADP",155
1361,"PEP,MMC",155
1362,"PEP,EL",155
1363,"TMK,UPS",155
1364,"TMK,MTB",155
1365,"PHM,DHI",155
1366,"MDT,BAX",155
1367,"INTU,OMC",155
1368,"INTU,CMCSA",155
1369,"IPG,ACN",155
1370,"PAYX,MA",155
1371,"PAYX,GPC",155
1372,"PAYX,ROP",155
1373,"PAYX,APH",155
1374,"PAYX,FIS",155
1375,"AON,TMK",155
1376,"AON,CINF",155
1377,"AON,ADP",155
1378,"AON,MMM",155
1379,"COF,CFG",155
1380,"SYF,COF",155
1381,"TJX,MMC",155
1382,"WAT,PPG",155
1383,"LMT,BRK.B",155
1384,"SYK,ZBH",155
1385,"AOS,PPG",155
1386,"BAC,CFG",155
1387,"NSC,UNP",155
1388,"IVZ,MS",155
1389,"AIG,AJG",155
1390,"AIG,STI",155
1391,"AIG,CINF",155
1392,"AIG,PFG",155
1393,"DHR,CINF",155
1394,"DHR,TMO",155
1395,"CTAS,SYY",155
1396,"AFL,V",155
1397,"FBHS,MAS",155
1398,"COL,GD",155
1399,"AJG,RE",155
1400,"CSCO,ADP",155
1401,"PPG,BRK.B",155
1402,"PSA,FRT",155
1403,"HON,LEG",155
1404,"HON,MSI",155
1405,"HON,KO",155
1406,"EXR,FRT",155
1407,"AME,ECL",155
1408,"STI,MET",155
1409,"LNC,BAC",155
1410,"LNC,JPM",155
1411,"BK,BLK",155
1412,"MSFT,GOOG",155
1413,"MSFT,CDNS",155
1414,"ORCL,AJG",155
1415,"ORCL,ACN",155
1416,"ORCL,CMCSA",155
1417,"USB,AFL",155
1418,"ITW,DFS",155
1419,"ROK,XYL",155
1420,"KMB,LMT",155
1421,"LEG,AJG",155
1422,"TXN,V",155
1423,"TXN,ANSS",155
1424,"RSG,HRL",155
1425,"RSG,REG",155
1426,"ALGN,DGX",155
1427,"ADI,ANSS",155
1428,"CDNS,AJG",155
1429,"ROP,UPS",155
1430,"ROP,ITW",155
1431,"ROP,MMC",155
1432,"AMP,LNC",155
1433,"VTR,ARE",155
1434,"CPB,RSG",155
1435,"MA,NTRS",155
1436,"MA,AJG",155
1437,"MA,CMCSA",155
1438,"SJM,MO",155
1439,"SJM,PCG",155
1440,"ADP,ORCL",155
1441,"ADP,BRK.B",155
1442,"HSY,PCG",155
1443,"TXT,L",155
1444,"BLK,BEN",155
1445,"BLK,DFS",155
1446,"BLL,AJG",155
1447,"MCD,KMB",155
1448,"MMM,JNJ",155
1449,"VAR,ALL",155
1450,"VAR,PKI",155
1451,"VAR,ROP",155
1452,"VAR,MMC",155
1453,"ECL,SNA",155
1454,"ECL,HRS",155
1455,"IP,PKG",155
1456,"VNO,FRT",155
1457,"IT,CB",155
1458,"IT,L",155
1459,"IT,VAR",155
1460,"MTB,STT",155
1461,"GD,BRK.B",155
1462,"GE,ADP",155
1463,"XLNX,V",155
1464,"XLNX,MSI",155
1465,"MS,MET",155
1466,"PG,ECL",155
1467,"TRV,CHD",155
1468,"ZION,MTB",155
1469,"JPM,MA",155
1470,"JPM,AIZ",155
1471,"JPM,RF",155
1472,"CL,CPB",155
1473,"CL,ROP",155
1474,"CL,ADP",155
1475,"MCO,MHK",155
1476,"CAG,KO",155
1477,"VZ,KO",155
1478,"PM,PCG",155
1479,"SCHW,C",155
1480,"SCHW,PFG",155
1481,"SCHW,AMP",155
1482,"DRE,ARE",155
1483,"L,MET",155
1484,"L,ITW",155
1485,"VRSK,SNA",155
1486,"VRSK,APH",155
1487,"VRSK,CMCSA",155
1488,"VRSK,KO",155
1489,"ALLE,L",155
1490,"PGR,UPS",155
1491,"IBM,LEG",155
1492,"ARE,KIM",155
1493,"GOOGL,ADP",155
1494,"GOOGL,FB",155
1495,"PNC,RF",155
1496,"ADBE,DGX",155
1497,"CTSH,MA",155
1498,"EFX,CDNS",155
1499,"EFX,ADP",155
1500,"PX,IR",155
1501,"INTC,MCO",155
1502,"DOV,ITW",155
1503,"OMC,PNC",155
1504,"OMC,UPS",155
1505,"OMC,ROP",155
1506,"WM,PM",155
1507,"WM,PG",155
1508,"WM,CMCSA",155
1509,"KHC,SYY",155
1510,"SNPS,AVY",155
1511,"SNPS,CA",155
1512,"CHD,KO",155
1513,"UNH,AET",155
1514,"TSN,CPB",155
1515,"GIS,REG",155
1516,"UTX,PX",155
1517,"UTX,ROK",155
1518,"GPC,TRV",155
1519,"GPC,UTX",155
1520,"GPC,CDNS",155
1521,"GPC,ROP",155
1522,"GPC,OMC",155
1523,"GPC,ADP",155
1524,"GPC,ANSS",155
1525,"DIS,CMCSA",154
1526,"EMR,FAST",154
1527,"UNM,MTB",154
1528,"WU,AFL",154
1529,"WU,BRK.B",154
1530,"TROW,MET",154
1531,"TROW,HON",154
1532,"FISV,TEL",154
1533,"FISV,CINF",154
1534,"FISV,LLL",154
1535,"PEP,GD",154
1536,"PEP,LLL",154
1537,"NLSN,ALL",154
1538,"TMK,EMN",154
1539,"EQR,MAC",154
1540,"MKC,LLL",154
1541,"MKC,BF.B",154
1542,"SYY,KO",154
1543,"MDT,ISRG",154
1544,"MDT,A",154
1545,"MDT,JNJ",154
1546,"MDT,ZBH",154
1547,"INTU,UPS",154
1548,"INTU,ADBE",154
1549,"SLG,MAC",154
1550,"REG,KO",154
1551,"IPG,MA",154
1552,"PAYX,CTXS",154
1553,"PAYX,CB",154
1554,"PAYX,BRK.B",154
1555,"AON,UPS",154
1556,"AON,ITW",154
1557,"COF,STI",154
1558,"WAT,MA",154
1559,"LMT,MO",154
1560,"SYK,UPS",154
1561,"SYK,HSIC",154
1562,"SYK,CINF",154
1563,"SYK,TMO",154
1564,"FIS,BRK.B",154
1565,"AVB,DRE",154
1566,"IVZ,C",154
1567,"IVZ,COF",154
1568,"AIG,BLK",154
1569,"AIG,V",154
1570,"AIG,XL",154
1571,"O,HCN",154
1572,"O,PSA",154
1573,"O,REG",154
1574,"DHR,SYK",154
1575,"DHR,HON",154
1576,"CTAS,KO",154
1577,"AFL,LH",154
1578,"AFL,FIS",154
1579,"DPS,SYY",154
1580,"DPS,PCG",154
1581,"COL,CINF",154
1582,"PCG,KO",154
1583,"ANSS,MCHP",154
1584,"AJG,ACN",154
1585,"CSCO,DIS",154
1586,"CSCO,ANSS",154
1587,"BXP,AIV",154
1588,"HON,DIS",154
1589,"HON,CMCSA",154
1590,"HON,JPM",154
1591,"AME,SNA",154
1592,"AME,PPG",154
1593,"STI,CMA",154
1594,"BK,DFS",154
1595,"MSI,AJG",154
1596,"USB,LNC",154
1597,"USB,MS",154
1598,"USB,IVZ",154
1599,"ITW,HRS",154
1600,"ITW,PPG",154
1601,"ITW,MSI",154
1602,"HIG,BRK.B",154
1603,"KMB,ALL",154
1604,"KMB,DPS",154
1605,"LEG,ORCL",154
1606,"TXN,LRCX",154
1607,"TXN,MA",154
1608,"RSG,LEG",154
1609,"ALGN,LH",154
1610,"CDNS,LEG",154
1611,"CDNS,ANSS",154
1612,"ROP,GD",154
1613,"NTRS,WFC",154
1614,"NTRS,BRK.B",154
1615,"AMP,MS",154
1616,"AMP,AXP",154
1617,"UPS,SNA",154
1618,"UPS,GOOG",154
1619,"UPS,CMCSA",154
1620,"UPS,FIS",154
1621,"CPB,CAG",154
1622,"CPB,CINF",154
1623,"MMC,RE",154
1624,"MMC,UPS",154
1625,"MMC,CMCSA",154
1626,"MA,LEG",154
1627,"SJM,CINF",154
1628,"ADP,SNA",154
1629,"SWK,HON",154
1630,"TXT,BRK.B",154
1631,"TEL,UPS",154
1632,"TEL,PPG",154
1633,"BLK,MET",154
1634,"MCD,CLX",154
1635,"VAR,GE",154
1636,"VAR,APH",154
1637,"VAR,XRAY",154
1638,"ECL,MA",154
1639,"ECL,MSI",154
1640,"CB,LEG",154
1641,"CB,LLL",154
1642,"MO,PCG",154
1643,"IR,XYL",154
1644,"IT,AFL",154
1645,"IT,BRK.B",154
1646,"LLL,AJG",154
1647,"HCP,PLD",154
1648,"GD,ITW",154
1649,"MTD,HSIC",154
1650,"MTD,APH",154
1651,"MTD,ITW",154
1652,"GE,UPS",154
1653,"GE,DFS",154
1654,"PG,RSG",154
1655,"PG,LMT",154
1656,"TRV,HIG",154
1657,"HBAN,PBCT",154
1658,"PH,TXT",154
1659,"PH,MMM",154
1660,"PH,IR",154
1661,"CL,AFL",154
1662,"CL,PCG",154
1663,"CL,ALLE",154
1664,"CL,UPS",154
1665,"CL,MNST",154
1666,"MCO,V",154
1667,"BBT,BLK",154
1668,"BBT,IVZ",154
1669,"BBT,BRK.B",154
1670,"PM,NOC",154
1671,"PM,VZ",154
1672,"SCHW,BAC",154
1673,"DRE,MAC",154
1674,"L,PPG",154
1675,"L,ZBH",154
1676,"VRSK,MMM",154
1677,"VRSK,DFS",154
1678,"VRSK,ADI",154
1679,"ALLE,SNA",154
1680,"ALLE,ITW",154
1681,"PGR,AFL",154
1682,"PGR,CTAS",154
1683,"PGR,ORCL",154
1684,"IBM,RSG",154
1685,"IBM,VRSK",154
1686,"ADBE,BRK.B",154
1687,"ESS,MAA",154
1688,"RJF,BBT",154
1689,"EFX,MA",154
1690,"EFX,BDX",154
1691,"EFX,CTAS",154
1692,"EFX,SPGI",154
1693,"PKI,APD",154
1694,"BF.B,KMB",154
1695,"PX,BRK.B",154
1696,"PX,EXPD",154
1697,"FOXA,PPG",154
1698,"INTC,ACN",154
1699,"INTC,PX",154
1700,"INTC,SWK",154
1701,"SHW,PPG",154
1702,"ESRX,PFE",154
1703,"COST,SJM",154
1704,"OMC,ADP",154
1705,"KHC,PG",154
1706,"EMN,PNC",154
1707,"V,AJG",154
1708,"V,LH",154
1709,"V,BRK.B",154
1710,"V,ADI",154
1711,"SNPS,AFL",154
1712,"SNPS,LH",154
1713,"SNPS,WM",154
1714,"SNPS,CMCSA",154
1715,"SNPS,ITW",154
1716,"CHD,PCG",154
1717,"TSN,KHC",154
1718,"UTX,LEG",154
1719,"UTX,CINF",154
1720,"AMGN,MRK",154
1721,"GPC,SNA",154
1722,"GPC,MSI",154
1723,"GPC,MMC",154
1724,"GPC,IR",154
1725,"EMR,ROK",153
1726,"DG,DLTR",153
1727,"TSS,ALLE",153
1728,"TSS,ADP",153
1729,"UNM,SCHW",153
1730,"UNM,BK",153
1731,"WU,APH",153
1732,"WU,JPM",153
1733,"TROW,BRK.B",153
1734,"TROW,UNM",153
1735,"FISV,TSS",153
1736,"FISV,WM",153
1737,"FISV,PG",153
1738,"FISV,ADBE",153
1739,"FISV,CMCSA",153
1740,"FISV,AZO",153
1741,"ALL,RSG",153
1742,"ALL,CMCSA",153
1743,"PDCO,CTAS",153
1744,"PEP,T",153
1745,"PEP,STZ",153
1746,"PEP,EXPD",153
1747,"TMK,BLK",153
1748,"TMK,FLIR",153
1749,"TMK,COL",153
1750,"EQR,PEP",153
1751,"MDT,BRK.B",153
1752,"MDT,HSIC",153
1753,"MHK,ORCL",153
1754,"TMO,MDT",153
1755,"TMO,HSIC",153
1756,"TMO,VAR",153
1757,"PLD,REG",153
1758,"INTU,PNC",153
1759,"INTU,IT",153
1760,"INTU,TMK",153
1761,"INTU,INTC",153
1762,"PAYX,ACN",153
1763,"PAYX,ANSS",153
1764,"PAYX,CA",153
1765,"AON,AFL",153
1766,"AON,GE",153
1767,"AON,PH",153
1768,"AON,PX",153
1769,"AON,EXPD",153
1770,"FITB,COF",153
1771,"LMT,SYY",153
1772,"SYK,DGX",153
1773,"AOS,TROW",153
1774,"AVB,GGP",153
1775,"IVZ,BLK",153
1776,"IVZ,MET",153
1777,"AIG,GE",153
1778,"AIG,TRV",153
1779,"AIG,PGR",153
1780,"AIG,INTC",153
1781,"AIG,MCO",153
1782,"AIG,AMP",153
1783,"DHR,RSG",153
1784,"DHR,MDT",153
1785,"DHR,AJG",153
1786,"DHR,MRK",153
1787,"DHR,LLL",153
1788,"DHR,ITW",153
1789,"WLTW,CINF",153
1790,"AFL,HRS",153
1791,"BDX,ZBH",153
1792,"COL,AFL",153
1793,"COL,JPM",153
1794,"SPG,AIV",153
1795,"AJG,GOOG",153
1796,"HON,MMC",153
1797,"HON,WAT",153
1798,"DGX,BDX",153
1799,"ISRG,DGX",153
1800,"EXR,REG",153
1801,"CINF,BDX",153
1802,"CINF,FIS",153
1803,"BK,AFL",153
1804,"BK,IVZ",153
1805,"PFG,BK",153
1806,"MSFT,IPG",153
1807,"USB,AIZ",153
1808,"USB,PFG",153
1809,"HIG,JPM",153
1810,"KMB,NOC",153
1811,"KMB,T",153
1812,"HSIC,CTAS",153
1813,"HSIC,CINF",153
1814,"SNA,CTAS",153
1815,"BAX,DGX",153
1816,"LEG,APH",153
1817,"TXN,KLAC",153
1818,"TXN,MSFT",153
1819,"ALGN,CDNS",153
1820,"CDNS,BDX",153
1821,"NTRS,RF",153
1822,"AMP,BAC",153
1823,"AMP,CFG",153
1824,"UPS,CHRW",153
1825,"CTXS,MA",153
1826,"CPB,HSY",153
1827,"MMC,FIS",153
1828,"MA,UPS",153
1829,"ADP,RSG",153
1830,"ADP,HSIC",153
1831,"SWK,ORCL",153
1832,"SWK,DFS",153
1833,"SWK,CSCO",153
1834,"AMT,GD",153
1835,"CVS,NOC",153
1836,"TXT,JPM",153
1837,"TXT,ROK",153
1838,"CCI,KIM",153
1839,"TEL,GE",153
1840,"TEL,JPM",153
1841,"TEL,ANSS",153
1842,"TEL,CSCO",153
1843,"ETFC,MS",153
1844,"MCD,LMT",153
1845,"MMM,CMCSA",153
1846,"VAR,BDX",153
1847,"VAR,COO",153
1848,"VAR,MSI",153
1849,"ECL,AJG",153
1850,"ECL,ANSS",153
1851,"ECL,MMC",153
1852,"IP,ITW",153
1853,"CB,GD",153
1854,"CB,MRK",153
1855,"CB,PPG",153
1856,"CB,CMCSA",153
1857,"CB,HON",153
1858,"IR,DFS",153
1859,"PBCT,ORCL",153
1860,"IT,ALLE",153
1861,"IT,UPS",153
1862,"IT,ROP",153
1863,"IT,MSI",153
1864,"MTB,CMA",153
1865,"LLL,CINF",153
1866,"LLL,CLX",153
1867,"GD,RSG",153
1868,"GD,CMCSA",153
1869,"GE,MA",153
1870,"XLNX,MA",153
1871,"XLNX,ALLE",153
1872,"XLNX,CSCO",153
1873,"PG,MMC",153
1874,"TRV,HSIC",153
1875,"TRV,MMM",153
1876,"JPM,ZION",153
1877,"PH,FAST",153
1878,"PH,DFS",153
1879,"CL,CAG",153
1880,"CL,MMC",153
1881,"MCO,MA",153
1882,"MCO,USB",153
1883,"MCO,ORCL",153
1884,"GLW,MSI",153
1885,"GLW,ADI",153
1886,"VZ,PEP",153
1887,"BBT,LNC",153
1888,"SCHW,MS",153
1889,"SCHW,JPM",153
1890,"DRE,REG",153
1891,"DRE,AIV",153
1892,"L,DGX",153
1893,"L,STI",153
1894,"ALLE,RSG",153
1895,"ALLE,GE",153
1896,"ALLE,ANSS",153
1897,"PGR,GE",153
1898,"PGR,CMCSA",153
1899,"PGR,CL",153
1900,"PGR,HON",153
1901,"IBM,GE",153
1902,"IBM,BRK.B",153
1903,"PCAR,CMI",153
1904,"PNC,AFL",153
1905,"PNC,ECL",153
1906,"PNC,PFG",153
1907,"PNC,ZION",153
1908,"ADBE,ALLE",153
1909,"RJF,JPM",153
1910,"EFX,AFL",153
1911,"EFX,FIS",153
1912,"PX,FIS",153
1913,"PX,SWK",153
1914,"AMZN,GOOGL",153
1915,"SEE,PPG",153
1916,"INTC,IBM",153
1917,"LOW,BRK.B",153
1918,"IRM,DRE",153
1919,"T,KO",153
1920,"OMC,AFL",153
1921,"OMC,AJG",153
1922,"OMC,ACN",153
1923,"OMC,ALL",153
1924,"OMC,ALLE",153
1925,"OMC,APH",153
1926,"OMC,MMM",153
1927,"GS,HBAN",153
1928,"GS,DFS",153
1929,"RTN,CINF",153
1930,"WM,SJM",153
1931,"WM,TRV",153
1932,"KHC,DPS",153
1933,"EMN,CAT",153
1934,"V,ORCL",153
1935,"SNPS,SNA",153
1936,"SNPS,HRS",153
1937,"SNPS,ADBE",153
1938,"SNPS,VAR",153
1939,"SNPS,ADI",153
1940,"TSN,CL",153
1941,"GIS,CTAS",153
1942,"UTX,GD",153
1943,"UTX,PGR",153
1944,"UTX,FIS",153
1945,"UTX,CL",153
1946,"GPC,AJG",153
1947,"GPC,V",153
1948,"GPC,KO",153
1949,"GPC,COL",153
1950,"EXPD,JBHT",152
1951,"UNM,BAC",152
1952,"UNM,IVZ",152
1953,"UNM,JPM",152
1954,"WU,SNPS",152
1955,"TROW,PFG",152
1956,"TROW,LUK",152
1957,"TROW,APD",152
1958,"FISV,DGX",152
1959,"FISV,HRS",152
1960,"FISV,CDNS",152
1961,"FISV,IPG",152
1962,"FISV,EFX",152
1963,"FISV,HD",152
1964,"ALL,JNJ",152
1965,"PEP,VRSK",152
1966,"PEP,HSY",152
1967,"PEP,UPS",152
1968,"PEP,CMCSA",152
1969,"PEP,JNJ",152
1970,"TMK,PH",152
1971,"TMK,MCO",152
1972,"HD,GOOGL",152
1973,"HD,MMM",152
1974,"FFIV,CSCO",152
1975,"MKC,COST",152
1976,"MKC,TRV",152
1977,"MKC,FRT",152
1978,"TMO,SWK",152
1979,"PLD,AIV",152
1980,"INTU,AFL",152
1981,"INTU,FISV",152
1982,"INTU,CDNS",152
1983,"IPG,BRK.B",152
1984,"ETN,FAST",152
1985,"PAYX,TRV",152
1986,"PAYX,LEG",152
1987,"PAYX,OMC",152
1988,"AON,SNA",152
1989,"AON,TEL",152
1990,"AON,EMN",152
1991,"AON,ECL",152
1992,"AON,LEG",152
1993,"AON,FIS",152
1994,"BRK.B,XYL",152
1995,"COF,KEY",152
1996,"FITB,GS",152
1997,"WAT,MSI",152
1998,"WAT,ITW",152
1999,"WAT,ZBH",152
2000,"IDXX,IPG",152
2001,"IDXX,MTD",152
2002,"SYK,MA",152
2003,"SYK,LLL",152
2004,"SYK,CL",152
2005,"APH,ZBH",152
2006,"AOS,L",152
2007,"BAC,PBCT",152
2008,"AIG,TEL",152
2009,"AIG,CB",152
2010,"AIG,ORCL",152
2011,"AIG,COF",152
2012,"O,UDR",152
2013,"O,KIM",152
2014,"DHR,LEG",152
2015,"DHR,CDNS",152
2016,"DHR,OMC",152
2017,"DHR,JNJ",152
2018,"DHR,SWK",152
2019,"CTAS,HRS",152
2020,"WLTW,AON",152
2021,"AFL,PPG",152
2022,"AFL,IBM",152
2023,"AMAT,MCHP",152
2024,"BDX,CTAS",152
2025,"COL,XYL",152
2026,"GGP,MAC",152
2027,"XRAY,AJG",152
2028,"XRAY,IDXX",152
2029,"SPG,SYY",152
2030,"SPG,EQR",152
2031,"ANSS,DFS",152
2032,"COO,ZBH",152
2033,"AJG,HRS",152
2034,"AJG,AIZ",152
2035,"CSCO,VRSK",152
2036,"CSCO,CTAS",152
2037,"CSCO,ACN",152
2038,"CSCO,APH",152
2039,"CSCO,ADI",152
2040,"CSCO,HOLX",152
2041,"PPG,AJG",152
2042,"PSA,REG",152
2043,"HON,ACN",152
2044,"HON,APH",152
2045,"HON,ANSS",152
2046,"AME,APD",152
2047,"AME,ADI",152
2048,"KLAC,BRK.B",152
2049,"MSFT,GOOGL",152
2050,"MSFT,VRSK",152
2051,"MSFT,CSCO",152
2052,"ORCL,APH",152
2053,"ORCL,DFS",152
2054,"USB,CME",152
2055,"USB,ACN",152
2056,"USB,UPS",152
2057,"USB,ADP",152
2058,"HIG,XL",152
2059,"HIG,CINF",152
2060,"KMB,HSY",152
2061,"LEG,CINF",152
2062,"TXN,CTAS",152
2063,"RSG,HSIC",152
2064,"RSG,APH",152
2065,"ADI,AJG",152
2066,"ADI,CTAS",152
2067,"ROP,L",152
2068,"AMP,C",152
2069,"AMP,AMG",152
2070,"UPS,ORCL",152
2071,"CTXS,ADP",152
2072,"CPB,PCG",152
2073,"MA,APH",152
2074,"MA,DFS",152
2075,"MA,SPGI",152
2076,"ADP,LH",152
2077,"ADP,LEG",152
2078,"SWK,PPG",152
2079,"AMT,CTAS",152
2080,"CVS,LMT",152
2081,"CVS,SHW",152
2082,"HSY,RSG",152
2083,"CCI,SJM",152
2084,"TEL,BRK.B",152
2085,"TEL,FDX",152
2086,"BLK,NTRS",152
2087,"ETFC,AMP",152
2088,"CA,ORCL",152
2089,"MCD,MO",152
2090,"MCD,SJM",152
2091,"MCD,AMT",152
2092,"MMM,XYL",152
2093,"ECL,ORCL",152
2094,"CB,HIG",152
2095,"CB,ADP",152
2096,"A,APD",152
2097,"IR,PPG",152
2098,"IR,ROK",152
2099,"PBCT,WFC",152
2100,"MTB,MET",152
2101,"C,STT",152
2102,"MTD,BDX",152
2103,"MTD,ZBH",152
2104,"GE,CINF",152
2105,"PG,GD",152
2106,"PG,CTAS",152
2107,"PG,SJM",152
2108,"PG,CPB",152
2109,"PG,T",152
2110,"TRV,AFL",152
2111,"TRV,KMB",152
2112,"JPM,ECL",152
2113,"HBAN,CMA",152
2114,"CL,BDX",152
2115,"CL,CB",152
2116,"CL,CCI",152
2117,"CL,AMT",152
2118,"MCO,L",152
2119,"MCO,BK",152
2120,"GLW,PPG",152
2121,"CAH,DGX",152
2122,"K,PCG",152
2123,"PM,TAP",152
2124,"UDR,REG",152
2125,"DRE,SHW",152
2126,"L,AJG",152
2127,"L,FDX",152
2128,"VRSK,RSG",152
2129,"VRSK,AJG",152
2130,"VRSK,UPS",152
2131,"VRSK,GLW",152
2132,"VRSK,ITW",152
2133,"ALLE,HRS",152
2134,"ALLE,ECL",152
2135,"ALLE,PPG",152
2136,"ALLE,EL",152
2137,"IBM,GLW",152
2138,"PCAR,ROK",152
2139,"PNC,VRSK",152
2140,"PNC,ETFC",152
2141,"PNC,LNC",152
2142,"ADBE,MA",152
2143,"ESS,SPG",152
2144,"ESS,DRE",152
2145,"RJF,PRU",152
2146,"RJF,USB",152
2147,"RJF,MET",152
2148,"EFX,GOOG",152
2149,"EFX,ALLE",152
2150,"EFX,CINF",152
2151,"EFX,ADBE",152
2152,"BF.B,HSIC",152
2153,"BF.B,CLX",152
2154,"VRSN,ANSS",152
2155,"PX,AFL",152
2156,"PX,MCO",152
2157,"PX,APH",152
2158,"PX,TXN",152
2159,"PX,MSI",152
2160,"PX,CA",152
2161,"PX,ROK",152
2162,"SEE,AVY",152
2163,"INTC,MA",152
2164,"INTC,XLNX",152
2165,"INTC,BRK.B",152
2166,"INTC,ADP",152
2167,"LOW,TRV",152
2168,"LOW,TJX",152
2169,"ESRX,BRK.B",152
2170,"COST,PEP",152
2171,"T,JNJ",152
2172,"OMC,FIS",152
2173,"OMC,CSCO",152
2174,"RTN,GD",152
2175,"RTN,RSG",152
2176,"RTN,SYY",152
2177,"WM,GOOGL",152
2178,"WM,BRK.B",152
2179,"KHC,SJM",152
2180,"KHC,CPB",152
2181,"KHC,KMB",152
2182,"EMN,JPM",152
2183,"EMN,HON",152
2184,"SNPS,CB",152
2185,"SNPS,IPG",152
2186,"SNPS,AME",152
2187,"CHD,SYY",152
2188,"UNH,ALL",152
2189,"UTX,COL",152
2190,"ABC,PFE",152
2191,"GPC,DIS",152
2192,"GPC,LKQ",152
2193,"GPC,GLW",152
2194,"GPC,EXPD",152
2195,"GPC,LLL",152
2196,"GPC,BF.B",152
2197,"GPC,IBM",152
2198,"DIS,UPS",151
2199,"DIS,PPG",151
2200,"EMR,BRK.B",151
2201,"EMR,MMM",151
2202,"EXPD,BRK.B",151
2203,"UNM,AFL",151
2204,"UNM,C",151
2205,"XYL,DFS",151
2206,"WU,VAR",151
2207,"TROW,ALLE",151
2208,"FISV,MO",151
2209,"FISV,GOOG",151
2210,"FISV,APH",151
2211,"FISV,KLAC",151
2212,"FISV,CSCO",151
2213,"ALL,BLL",151
2214,"ALL,ANSS",151
2215,"PDCO,TRV",151
2216,"ICE,BRK.B",151
2217,"ICE,CINF",151
2218,"PEP,WMT",151
2219,"PEP,MMM",151
2220,"TMK,DIS",151
2221,"TMK,CTAS",151
2222,"TMK,STI",151
2223,"TMK,GPC",151
2224,"TMK,RHI",151
2225,"PCLN,GOOG",151
2226,"BMY,MRK",151
2227,"MDT,UNH",151
2228,"MHK,LEG",151
2229,"TMO,ORCL",151
2230,"TMO,ESRX",151
2231,"INTU,LEG",151
2232,"INTU,CINF",151
2233,"INTU,CSCO",151
2234,"IPG,AJG",151
2235,"ETN,AJG",151
2236,"ETN,TEL",151
2237,"ETN,DFS",151
2238,"ETN,MMC",151
2239,"PAYX,TJX",151
2240,"PAYX,SNPS",151
2241,"PAYX,T",151
2242,"PAYX,MMC",151
2243,"AON,USB",151
2244,"AON,GPC",151
2245,"AON,DRI",151
2246,"AON,HON",151
2247,"AON,IBM",151
2248,"AIV,REG",151
2249,"COF,AXP",151
2250,"WAT,LH",151
2251,"PRU,BLK",151
2252,"ABT,DGX",151
2253,"SYK,APH",151
2254,"SYK,ADP",151
2255,"SYK,VAR",151
2256,"SYK,HON",151
2257,"SYK,CSCO",151
2258,"AOS,TMK",151
2259,"AOS,ITW",151
2260,"HRS,APH",151
2261,"AVB,KIM",151
2262,"IVZ,JPM",151
2263,"AIG,WFC",151
2264,"AIG,RJF",151
2265,"AIG,ROP",151
2266,"AIG,PX",151
2267,"AIG,PPG",151
2268,"AIG,GLW",151
2269,"AIG,ITW",151
2270,"O,EXR",151
2271,"DHR,GD",151
2272,"DHR,AON",151
2273,"DHR,CB",151
2274,"DHR,PG",151
2275,"DHR,IPG",151
2276,"DHR,MMC",151
2277,"AFL,ORCL",151
2278,"AFL,APD",151
2279,"AFL,LLL",151
2280,"AFL,CAH",151
2281,"BDX,HRS",151
2282,"DPS,CINF",151
2283,"COL,VRSK",151
2284,"COL,ALLE",151
2285,"GGP,PLD",151
2286,"LH,BDX",151
2287,"XRAY,A",151
2288,"ANSS,FIS",151
2289,"HOLX,MTD",151
2290,"COO,MTD",151
2291,"CLX,RE",151
2292,"CLX,TAP",151
2293,"CLX,REG",151
2294,"CSCO,AFL",151
2295,"CSCO,ECL",151
2296,"CSCO,CMCSA",151
2297,"PPG,ACN",151
2298,"PPG,APD",151
2299,"HON,NTRS",151
2300,"HON,CTAS",151
2301,"HON,MHK",151
2302,"HON,PEP",151
2303,"HON,HD",151
2304,"CINF,XL",151
2305,"CINF,ANSS",151
2306,"CINF,DFS",151
2307,"AME,AJG",151
2308,"AME,HON",151
2309,"BK,MS",151
2310,"PFG,GS",151
2311,"PFG,L",151
2312,"MSI,AIZ",151
2313,"USB,ALLE",151
2314,"USB,ORCL",151
2315,"USB,BEN",151
2316,"HIG,NTRS",151
2317,"HIG,USB",151
2318,"KMB,MMC",151
2319,"HSIC,DGX",151
2320,"HSIC,GOOG",151
2321,"HSIC,ZBH",151
2322,"LEG,MSI",151
2323,"TXN,GE",151
2324,"RSG,KO",151
2325,"MMC,KO",151
2326,"HCA,UHS",151
2327,"MA,CTAS",151
2328,"MA,ORCL",151
2329,"MA,PPG",151
2330,"SJM,CHD",151
2331,"ADP,AIZ",151
2332,"ADP,SPGI",151
2333,"SWK,BRK.B",151
2334,"SWK,CINF",151
2335,"SWK,GLW",151
2336,"SWK,MMM",151
2337,"AMT,GOOGL",151
2338,"AMT,VRSK",151
2339,"CVS,CMCSA",151
2340,"HSY,RE",151
2341,"TXT,COL",151
2342,"CCI,CINF",151
2343,"CCI,HON",151
2344,"GILD,MRK",151
2345,"TEL,LEG",151
2346,"TEL,DFS",151
2347,"BLK,STI",151
2348,"BLL,PPG",151
2349,"AVGO,ADI",151
2350,"MCD,SYY",151
2351,"MMM,ADP",151
2352,"VAR,AFL",151
2353,"VAR,CTAS",151
2354,"VAR,L",151
2355,"VAR,ZBH",151
2356,"VAR,SWK",151
2357,"ECL,ACN",151
2358,"A,PPG",151
2359,"VNO,VTR",151
2360,"MO,RSG",151
2361,"IR,HON",151
2362,"IT,AJG",151
2363,"IT,HRS",151
2364,"IT,KLAC",151
2365,"IT,LLL",151
2366,"C,BLK",151
2367,"HCN,SPG",151
2368,"HCN,BXP",151
2369,"GD,SYY",151
2370,"GD,UPS",151
2371,"GD,MSI",151
2372,"MTD,SPGI",151
2373,"GE,MMM",151
2374,"XLNX,AME",151
2375,"PG,SYY",151
2376,"PG,BRK.B",151
2377,"PG,UPS",151
2378,"TRV,ADP",151
2379,"TRV,REG",151
2380,"ZION,C",151
2381,"JPM,STT",151
2382,"PH,CMI",151
2383,"PH,CMCSA",151
2384,"PH,MMC",151
2385,"PH,SWK",151
2386,"CL,EQR",151
2387,"CL,HSIC",151
2388,"CL,BXP",151
2389,"AXP,NTRS",151
2390,"AXP,MTB",151
2391,"MCO,JPM",151
2392,"CAG,UPS",151
2393,"GLW,ITW",151
2394,"BBT,AXP",151
2395,"CAH,HSIC",151
2396,"PM,RTN",151
2397,"PM,MMM",151
2398,"SCHW,CFG",151
2399,"SCHW,KEY",151
2400,"L,GD",151
2401,"L,GE",151
2402,"L,ADP",151
2403,"VRSK,CDNS",151
2404,"ALLE,GD",151
2405,"ALLE,AJG",151
2406,"ALLE,A",151
2407,"ALLE,MSI",151
2408,"ALLE,MMC",151
2409,"PGR,ECL",151
2410,"PNC,AIZ",151
2411,"PNC,STT",151
2412,"PNC,CINF",151
2413,"PNC,AME",151
2414,"ADBE,ADP",151
2415,"ADBE,ANSS",151
2416,"RJF,C",151
2417,"RJF,PFG",151
2418,"EFX,COL",151
2419,"BF.B,ALLE",151
2420,"BF.B,HON",151
2421,"PX,GE",151
2422,"PX,CB",151
2423,"PX,PH",151
2424,"PX,L",151
2425,"PX,CINF",151
2426,"AMZN,GOOG",151
2427,"INTC,LRCX",151
2428,"INTC,CTAS",151
2429,"INTC,EFX",151
2430,"ESRX,DGX",151
2431,"ESRX,CVS",151
2432,"LRCX,ADI",151
2433,"COST,MO",151
2434,"COST,MCD",151
2435,"T,K",151
2436,"OMC,GE",151
2437,"OMC,V",151
2438,"WM,GD",151
2439,"WM,CHD",151
2440,"WM,MA",151
2441,"WM,RTN",151
2442,"WM,COST",151
2443,"WM,ALLE",151
2444,"WM,LLL",151
2445,"WM,KO",151
2446,"KHC,HSY",151
2447,"KHC,HRL",151
2448,"KHC,TAP",151
2449,"EMN,PPG",151
2450,"EMN,COL",151
2451,"V,LEG",151
2452,"V,ADP",151
2453,"V,MSI",151
2454,"V,FB",151
2455,"SNPS,GD",151
2456,"SNPS,GOOGL",151
2457,"SNPS,GE",151
2458,"SNPS,ORCL",151
2459,"SNPS,IDXX",151
2460,"SNPS,MTD",151
2461,"UNH,ROP",151
2462,"TSN,PM",151
2463,"UTX,ZBH",151
2464,"UTX,KMB",151
2465,"ABC,ESRX",151
2466,"GPC,MA",151
2467,"GPC,L",151
2468,"GPC,TXN",151
2469,"GPC,KMB",151
2470,"DIS,ECL",150
2471,"DIS,L",150
2472,"DIS,IBM",150
2473,"MAR,WYN",150
2474,"MAS,IBM",150
2475,"EXPD,CTAS",150
2476,"UNM,AMP",150
2477,"TROW,SCHW",150
2478,"TROW,GS",150
2479,"TROW,ALL",150
2480,"TROW,MCO",150
2481,"TROW,ANSS",150
2482,"FRT,UDR",150
2483,"FRT,SYY",150
2484,"FISV,BDX",150
2485,"FISV,KHC",150
2486,"FISV,HSIC",150
2487,"FISV,AMT",150
2488,"FISV,MMM",150
2489,"ALL,CHD",150
2490,"ALL,NOC",150
2491,"ALL,ALLE",150
2492,"ALL,AIZ",150
2493,"PEP,HRL",150
2494,"PEP,TAP",150
2495,"NLSN,BRK.B",150
2496,"NLSN,PPG",150
2497,"TMK,WU",150
2498,"TMK,IVZ",150
2499,"TMK,FDX",150
2500,"TMK,IR",150
2501,"HD,CTAS",150
2502,"HD,ADP",150
2503,"MKC,CTAS",150
2504,"MKC,SPG",150
2505,"SYY,JNJ",150
2506,"MDT,BSX",150
2507,"MDT,ADP",150
2508,"MDT,VAR",150
2509,"KEY,STT",150
2510,"TMO,CTAS",150
2511,"TMO,PFE",150
2512,"TMO,IBM",150
2513,"INTU,GPC",150
2514,"INTU,TXN",150
2515,"INTU,MMC",150
2516,"INTU,SWK",150
2517,"MRK,GOOG",150
2518,"PAYX,AFL",150
2519,"PAYX,VZ",150
2520,"PAYX,CSCO",150
2521,"AON,XYL",150
2522,"AON,ALLE",150
2523,"AON,PPG",150
2524,"BRK.B,APD",150
2525,"BRK.B,SPGI",150
2526,"SYF,DFS",150
2527,"TJX,CTAS",150
2528,"TJX,ECL",150
2529,"FITB,BK",150
2530,"IDXX,LEG",150
2531,"IDXX,ADP",150
2532,"PRU,CFG",150
2533,"LMT,UPS",150
2534,"LMT,ICE",150
2535,"SYK,MRK",150
2536,"AOS,ALLE",150
2537,"BAC,GS",150
2538,"AVB,MAC",150
2539,"FLR,PWR",150
2540,"AIG,VRSK",150
2541,"AIG,AIZ",150
2542,"AIG,TXT",150
2543,"AIG,HSIC",150
2544,"AIG,CSCO",150
2545,"DHR,UNH",150
2546,"DHR,FISV",150
2547,"DHR,PX",150
2548,"DHR,WAT",150
2549,"CTAS,FIS",150
2550,"AFL,DGX",150
2551,"AFL,JPM",150
2552,"AFL,MSI",150
2553,"AFL,ZBH",150
2554,"MET,DFS",150
2555,"ACN,BRK.B",150
2556,"FBHS,MHK",150
2557,"COL,AJG",150
2558,"COL,BRK.B",150
2559,"XRAY,ECL",150
2560,"XRAY,IPG",150
2561,"XRAY,MTD",150
2562,"SPG,CLX",150
2563,"COO,HSIC",150
2564,"AJG,APH",150
2565,"CLX,CTAS",150
2566,"CSCO,MSI",150
2567,"PPG,LH",150
2568,"HON,DGX",150
2569,"HON,TJX",150
2570,"HON,A",150
2571,"HON,V",150
2572,"HON,RE",150
2573,"HON,APD",150
2574,"PFE,CAH",150
2575,"DGX,AJG",150
2576,"DGX,MRK",150
2577,"DGX,BRK.B",150
2578,"ISRG,BDX",150
2579,"EXR,UDR",150
2580,"EXR,KIM",150
2581,"EXR,SPG",150
2582,"CINF,PPG",150
2583,"CINF,APH",150
2584,"CINF,AVY",150
2585,"PFG,AFL",150
2586,"PFG,C",150
2587,"PFG,IVZ",150
2588,"PFG,JPM",150
2589,"USB,AJG",150
2590,"ITW,BDX",150
2591,"ITW,ORCL",150
2592,"ITW,GWW",150
2593,"ITW,CMCSA",150
2594,"ITW,ANSS",150
2595,"ROK,PPG",150
2596,"KMB,AFL",150
2597,"HII,BRK.B",150
2598,"SNA,ANSS",150
2599,"SNA,ITW",150
2600,"BAX,LH",150
2601,"TXN,ALLE",150
2602,"TXN,CDNS",150
2603,"TXN,BRK.B",150
2604,"TXN,AMAT",150
2605,"ALGN,V",150
2606,"ALGN,IDXX",150
2607,"ADI,ITW",150
2608,"CDNS,MCHP",150
2609,"CDNS,APH",150
2610,"ROP,MTD",150
2611,"ROP,ANSS",150
2612,"ROP,WAT",150
2613,"CTXS,TXN",150
2614,"SJM,MDLZ",150
2615,"SJM,FRT",150
2616,"SJM,HSY",150
2617,"ADP,MSI",150
2618,"SWK,MA",150
2619,"SWK,MSI",150
2620,"SWK,WAT",150
2621,"ORLY,HSIC",150
2622,"CVS,KO",150
2623,"CVS,HON",150
2624,"TXT,AFL",150
2625,"TXT,AJG",150
2626,"TXT,JEC",150
2627,"CCI,RSG",150
2628,"CCI,PEP",150
2629,"TEL,NTRS",150
2630,"TEL,ALL",150
2631,"TEL,USB",150
2632,"TEL,ECL",150
2633,"TEL,TXT",150
2634,"TEL,TXN",150
2635,"MCD,CTAS",150
2636,"MMM,CTAS",150
2637,"MMM,ORCL",150
2638,"VAR,MRK",150
2639,"VAR,ALGN",150
2640,"VAR,ANSS",150
2641,"VAR,CAH",150
2642,"VAR,IBM",150
2643,"ECL,AVY",150
2644,"ECL,DFS",150
2645,"ECL,ZBH",150
2646,"ECL,EL",150
2647,"MO,REG",150
2648,"FDX,MA",150
2649,"FDX,BLK",150
2650,"FDX,BRK.B",150
2651,"IR,L",150
2652,"IR,GLW",150
2653,"PBCT,CFG",150
2654,"IT,HII",150
2655,"IT,ANSS",150
2656,"IT,EL",150
2657,"IT,ICE",150
2658,"LLL,ECL",150
2659,"LLL,UPS",150
2660,"GD,HRS",150
2661,"GD,ADP",150
2662,"MTD,AJG",150
2663,"MTD,ECL",150
2664,"MTD,FDX",150
2665,"MTD,ADP",150
2666,"GE,SNA",150
2667,"XLNX,LRCX",150
2668,"XLNX,CDNS",150
2669,"XLNX,APH",150
2670,"TRV,SYY",150
2671,"TRV,ECL",150
2672,"TRV,ANSS",150
2673,"TRV,ZBH",150
2674,"ZION,CFG",150
2675,"JPM,AJG",150
2676,"PH,APH",150
2677,"CL,AJG",150
2678,"CL,DGX",150
2679,"CL,HSY",150
2680,"CL,APD",150
2681,"CL,IPG",150
2682,"CL,CSCO",150
2683,"AXP,PBCT",150
2684,"CAG,CLX",150
2685,"VZ,PCG",150
2686,"VZ,CLX",150
2687,"VZ,CL",150
2688,"NOC,CLX",150
2689,"K,CINF",150
2690,"K,REG",150
2691,"PM,AMT",150
2692,"SCHW,USB",150
2693,"SCHW,AXP",150
2694,"L,HRS",150
2695,"L,AXP",150
2696,"ALLE,DGX",150
2697,"ALLE,MTD",150
2698,"ALLE,JPM",150
2699,"PGR,VRSK",150
2700,"PGR,MMC",150
2701,"IBM,ALLE",150
2702,"IBM,CDNS",150
2703,"IBM,GWW",150
2704,"IBM,FDX",150
2705,"IBM,DFS",150
2706,"GOOGL,UPS",150
2707,"RJF,LNC",150
2708,"RJF,COF",150
2709,"EFX,V",150
2710,"PX,VRSK",150
2711,"PX,IPG",150
2712,"PX,AVY",150
2713,"INTC,AJG",150
2714,"INTC,GLW",150
2715,"INTC,CA",150
2716,"SHW,ECL",150
2717,"ESRX,MA",150
2718,"ESRX,VAR",150
2719,"COST,CLX",150
2720,"OMC,GD",150
2721,"OMC,LEG",150
2722,"OMC,ANSS",150
2723,"OMC,HON",150
2724,"OMC,SWK",150
2725,"RTN,CLX",150
2726,"RTN,REG",150
2727,"WM,MO",150
2728,"WM,DPS",150
2729,"WM,EXPD",150
2730,"WM,HON",150
2731,"KHC,HON",150
2732,"EMN,AFL",150
2733,"EMN,DFS",150
2734,"SNPS,PKI",150
2735,"SNPS,INTC",150
2736,"SNPS,MCHP",150
2737,"UNH,GD",150
2738,"TSN,SYY",150
2739,"TSN,CAG",150
2740,"TSN,PEP",150
2741,"UAL,AAL",150
2742,"GIS,RTN",150
2743,"GIS,EFX",150
2744,"UTX,AFL",150
2745,"UTX,LMT",150
2746,"UTX,ALLE",150
2747,"UTX,BRK.B",150
2748,"DE,UPS",150
2749,"FAST,APH",150
2750,"GPC,IT",150
2751,"EMR,TEL",149
2752,"EMR,XYL",149
2753,"PNR,EMR",149
2754,"TSS,LEG",149
2755,"EXPD,FDX",149
2756,"EXPD,GLW",149
2757,"EXPD,MMM",149
2758,"EXPD,IBM",149
2759,"WU,PX",149
2760,"WU,COL",149
2761,"TROW,IT",149
2762,"TROW,CME",149
2763,"TROW,STI",149
2764,"TROW,EMN",149
2765,"TROW,AXP",149
2766,"FRT,AIV",149
2767,"FISV,GE",149
2768,"FISV,REG",149
2769,"FISV,JNJ",149
2770,"FISV,EL",149
2771,"FISV,KO",149
2772,"FISV,KMB",149
2773,"ALL,SYY",149
2774,"ALL,LEG",149
2775,"ALL,CLX",149
2776,"PDCO,AJG",149
2777,"PDCO,CINF",149
2778,"PEP,BDX",149
2779,"PEP,APD",149
2780,"TMK,XYL",149
2781,"TMK,ICE",149
2782,"HD,ALLE",149
2783,"FFIV,AJG",149
2784,"EQR,FRT",149
2785,"MKC,LMT",149
2786,"MKC,CCI",149
2787,"MKC,BXP",149
2788,"MDT,L",149
2789,"MDT,ITW",149
2790,"KEY,BEN",149
2791,"TMO,AMGN",149
2792,"TMO,TXN",149
2793,"TMO,OMC",149
2794,"TMO,ITW",149
2795,"TMO,HON",149
2796,"PLD,ARE",149
2797,"INTU,AJG",149
2798,"INTU,ORCL",149
2799,"INTU,MCO",149
2800,"INTU,KLAC",149
2801,"REG,SYY",149
2802,"IPG,DGX",149
2803,"IPG,CTAS",149
2804,"IPG,CDNS",149
2805,"IPG,FIS",149
2806,"ETN,GE",149
2807,"ETN,XYL",149
2808,"PAYX,TEL",149
2809,"PAYX,EFX",149
2810,"PAYX,DRE",149
2811,"AON,ALL",149
2812,"AON,RE",149
2813,"BRK.B,RE",149
2814,"IFF,OMC",149
2815,"WAT,AJG",149
2816,"WAT,ECL",149
2817,"WAT,V",149
2818,"IDXX,CTAS",149
2819,"IDXX,SHW",149
2820,"PRU,BRK.B",149
2821,"SYK,AJG",149
2822,"SYK,GOOG",149
2823,"SYK,SNPS",149
2824,"SYK,BRK.B",149
2825,"SYK,IDXX",149
2826,"SYK,MTD",149
2827,"SYK,PEP",149
2828,"SYK,ADBE",149
2829,"SYK,ITW",149
2830,"FIS,EL",149
2831,"APH,BRK.B",149
2832,"AOS,PX",149
2833,"HRS,ZBH",149
2834,"AIG,LNC",149
2835,"AIG,HBAN",149
2836,"AIG,FDX",149
2837,"O,VNO",149
2838,"O,VTR",149
2839,"DHR,TEL",149
2840,"DHR,EL",149
2841,"CTAS,MRK",149
2842,"WLTW,OMC",149
2843,"AFL,DIS",149
2844,"AFL,GE",149
2845,"AFL,CTAS",149
2846,"AFL,ALLE",149
2847,"AFL,LEG",149
2848,"ACN,FIS",149
2849,"BA,ITW",149
2850,"COL,MA",149
2851,"COL,V",149
2852,"LH,BRK.B",149
2853,"XRAY,BDX",149
2854,"AJG,FIS",149
2855,"AJG,AVY",149
2856,"AJG,DFS",149
2857,"CLX,HRL",149
2858,"CSCO,GD",149
2859,"CSCO,ALLE",149
2860,"CSCO,V",149
2861,"CSCO,CDNS",149
2862,"CSCO,IPG",149
2863,"CSCO,JNJ",149
2864,"BXP,SYY",149
2865,"PSA,UDR",149
2866,"PSA,SPG",149
2867,"PSA,BXP",149
2868,"HON,RTN",149
2869,"HON,EXPD",149
2870,"HON,FIS",149
2871,"HON,MAS",149
2872,"PFE,BDX",149
2873,"PFE,LLY",149
2874,"PFE,WAT",149
2875,"CINF,ACN",149
2876,"CINF,REG",149
2877,"CINF,ZBH",149
2878,"AME,AFL",149
2879,"AME,XYL",149
2880,"AME,L",149
2881,"AME,APH",149
2882,"AME,COL",149
2883,"AME,WAT",149
2884,"BK,SPGI",149
2885,"PFG,AJG",149
2886,"PFG,BLK",149
2887,"PFG,DFS",149
2888,"WFC,MET",149
2889,"WFC,BRK.B",149
2890,"USB,CSX",149
2891,"USB,ECL",149
2892,"USB,AME",149
2893,"USB,ZION",149
2894,"ITW,CTAS",149
2895,"ITW,MCHP",149
2896,"ITW,AVY",149
2897,"ROK,MMM",149
2898,"KMB,HON",149
2899,"HII,GD",149
2900,"SNA,CMCSA",149
2901,"BAX,JNJ",149
2902,"TXN,ORCL",149
2903,"TXN,JCI",149
2904,"RSG,PCG",149
2905,"ADI,LEG",149
2906,"CDNS,SNA",149
2907,"CDNS,CMCSA",149
2908,"NTRS,BEN",149
2909,"AMP,KEY",149
2910,"UPS,MRK",149
2911,"UPS,LEG",149
2912,"CTXS,ANSS",149
2913,"CTXS,IBM",149
2914,"MMC,RSG",149
2915,"MMC,PPG",149
2916,"MA,LH",149
2917,"MA,ANSS",149
2918,"SJM,LLL",149
2919,"ADP,MMC",149
2920,"SWK,VRSK",149
2921,"SWK,CTAS",149
2922,"SWK,MCHP",149
2923,"AMT,MO",149
2924,"AMT,ECL",149
2925,"AMT,CMCSA",149
2926,"CVS,GD",149
2927,"TXT,USB",149
2928,"TXT,DFS",149
2929,"CCI,MMC",149
2930,"TEL,AFL",149
2931,"TEL,HRS",149
2932,"TEL,SWK",149
2933,"RMD,CTAS",149
2934,"CBOE,ICE",149
2935,"AVGO,LRCX",149
2936,"CA,APH",149
2937,"CA,IPG",149
2938,"CA,IBM",149
2939,"MCD,CCI",149
2940,"MCD,UPS",149
2941,"MCD,T",149
2942,"MMM,SNA",149
2943,"MMM,CDNS",149
2944,"MMM,KO",149
2945,"VAR,BLK",149
2946,"VAR,BRK.B",149
2947,"VAR,PPG",149
2948,"VAR,BSX",149
2949,"VAR,BMY",149
2950,"VAR,SPGI",149
2951,"VAR,ITW",149
2952,"VAR,CSCO",149
2953,"ECL,RSG",149
2954,"ECL,ADI",149
2955,"CB,SJM",149
2956,"CB,HRS",149
2957,"CB,ALLE",149
2958,"CB,XL",149
2959,"CB,HSIC",149
2960,"CB,JPM",149
2961,"CB,KMB",149
2962,"A,SPGI",149
2963,"VNO,EXR",149
2964,"IR,TEL",149
2965,"IT,DIS",149
2966,"IT,GOOGL",149
2967,"IT,MA",149
2968,"IT,IPG",149
2969,"IT,XRAY",149
2970,"HCN,KIM",149
2971,"HCN,REG",149
2972,"LLL,SYY",149
2973,"GD,GOOG",149
2974,"MTD,ANSS",149
2975,"GE,XYL",149
2976,"GE,CMCSA",149
2977,"PG,ALL",149
2978,"PG,REG",149
2979,"PG,JNJ",149
2980,"TRV,AIZ",149
2981,"TRV,MSI",149
2982,"TRV,VAR",149
2983,"PH,DIS",149
2984,"PH,AJG",149
2985,"PH,TEL",149
2986,"PH,UPS",149
2987,"PH,GWW",149
2988,"PH,IBM",149
2989,"CL,TRV",149
2990,"CL,FIS",149
2991,"MCO,GE",149
2992,"MCO,RHI",149
2993,"MCO,IR",149
2994,"MCO,AMP",149
2995,"VZ,PG",149
2996,"NOC,MO",149
2997,"NOC,CINF",149
2998,"BBT,ECL",149
2999,"BBT,MCO",149
3000,"CAH,MRK",149
3001,"PM,LMT",149
3002,"PM,FRT",149
3003,"PM,MMC",149
3004,"PM,HON",149
3005,"SCHW,PBCT",149
3006,"DRE,RSG",149
3007,"L,ANSS",149
3008,"L,SPGI",149
3009,"VRSK,GE",149
3010,"VRSK,ACN",149
3011,"ALLE,CTAS",149
3012,"ALLE,CDNS",149
3013,"ALLE,ADP",149
3014,"ALLE,MMM",149
3015,"ALLE,FIS",149
3016,"ALLE,ADI",149
3017,"PGR,ROP",149
3018,"IBM,ACN",149
3019,"GOOGL,GD",149
3020,"PCAR,CAT",149
3021,"PNC,SCHW",149
3022,"PNC,CMA",149
3023,"PNC,VAR",149
3024,"RJF,BLK",149
3025,"RJF,IVZ",149
3026,"EFX,MCO",149
3027,"EFX,APH",149
3028,"EFX,CMCSA",149
3029,"EFX,VAR",149
3030,"EFX,CL",149
3031,"EFX,IBM",149
3032,"EFX,SWK",149
3033,"BF.B,GD",149
3034,"BF.B,MO",149
3035,"BF.B,EL",149
3036,"VRSN,VRSK",149
3037,"PX,UPS",149
3038,"AMZN,FB",149
3039,"EQIX,FRT",149
3040,"INTC,ROP",149
3041,"INTC,MCHP",149
3042,"LOW,CTAS",149
3043,"LOW,SWK",149
3044,"ESRX,AFL",149
3045,"COST,SYY",149
3046,"COST,K",149
3047,"T,PCG",149
3048,"OMC,WBA",149
3049,"OMC,MAS",149
3050,"WM,LEG",149
3051,"WM,ITW",149
3052,"KHC,VRSK",149
3053,"KHC,HSIC",149
3054,"KHC,CINF",149
3055,"KHC,CLX",149
3056,"EMN,NTRS",149
3057,"EMN,AJG",149
3058,"EMN,BLK",149
3059,"EMN,SWK",149
3060,"V,VRSK",149
3061,"V,DGX",149
3062,"V,ECL",149
3063,"V,HSIC",149
3064,"V,APH",149
3065,"V,ADBE",149
3066,"V,FIS",149
3067,"SNPS,DGX",149
3068,"SNPS,XYL",149
3069,"SNPS,ALGN",149
3070,"SNPS,A",149
3071,"SNPS,PH",149
3072,"SNPS,MMM",149
3073,"SNPS,MSFT",149
3074,"SNPS,WAT",149
3075,"UNH,L",149
3076,"UNH,CINF",149
3077,"BSX,MRK",149
3078,"UAL,DAL",149
3079,"AET,ANTM",149
3080,"GIS,WM",149
3081,"GIS,SPG",149
3082,"GIS,PG",149
3083,"UTX,INTC",149
3084,"UTX,PEP",149
3085,"UTX,KO",149
3086,"UTX,IBM",149
3087,"ABC,VAR",149
3088,"FAST,BRK.B",149
3089,"FAST,DFS",149
3090,"GPC,XYL",149
3091,"GPC,ECL",149
3092,"GPC,PG",149
3093,"GPC,ROK",149
3094,"GPC,HAS",149
3095,"EMR,INTC",148
3096,"EMR,L",148
3097,"EMR,ROP",148
3098,"EMR,PPG",148
3099,"EMR,CMI",148
3100,"PNR,CAT",148
3101,"TSS,MA",148
3102,"EXPD,SNA",148
3103,"EXPD,KO",148
3104,"UNM,GS",148
3105,"UNM,CMA",148
3106,"WU,LH",148
3107,"WU,XYL",148
3108,"WU,V",148
3109,"WU,GPC",148
3110,"WU,WAT",148
3111,"TROW,AJG",148
3112,"TROW,RJF",148
3113,"TROW,LEG",148
3114,"TROW,AIZ",148
3115,"TROW,ROK",148
3116,"FRT,CHD",148
3117,"FISV,GD",148
3118,"FISV,CCI",148
3119,"FISV,INTC",148
3120,"FISV,BF.B",148
3121,"UNP,DFS",148
3122,"ALL,HRS",148
3123,"ALL,HSIC",148
3124,"PDCO,CB",148
3125,"PDCO,CDNS",148
3126,"PDCO,OMC",148
3127,"PDCO,VAR",148
3128,"PEP,ALL",148
3129,"PEP,ECL",148
3130,"PEP,ITW",148
3131,"TMK,CME",148
3132,"TMK,PGR",148
3133,"TMK,LNC",148
3134,"TMK,TXT",148
3135,"TMK,PPG",148
3136,"TMK,MSI",148
3137,"HD,SNA",148
3138,"HD,ECL",148
3139,"WY,IR",148
3140,"MKC,MDLZ",148
3141,"MKC,FISV",148
3142,"MKC,RTN",148
3143,"MKC,MMM",148
3144,"MDT,DGX",148
3145,"MDT,ROP",148
3146,"MDT,MCD",148
3147,"MDT,XRAY",148
3148,"KEY,MS",148
3149,"MHK,SPGI",148
3150,"MHK,MAS",148
3151,"MHK,HD",148
3152,"MHK,IBM",148
3153,"TMO,ACN",148
3154,"TMO,INTC",148
3155,"TMO,JCI",148
3156,"TMO,ANSS",148
3157,"TMO,CSCO",148
3158,"INTU,TEL",148
3159,"INTU,ALLE",148
3160,"INTU,EFX",148
3161,"ETN,L",148
3162,"ETN,MMM",148
3163,"ETN,HON",148
3164,"PAYX,IDXX",148
3165,"PAYX,KO",148
3166,"PAYX,IBM",148
3167,"AON,HIG",148
3168,"AON,NLSN",148
3169,"AON,DFS",148
3170,"AON,CL",148
3171,"AON,IR",148
3172,"AON,WAT",148
3173,"BRK.B,SYY",148
3174,"IFF,BRK.B",148
3175,"FITB,PRU",148
3176,"FITB,MS",148
3177,"FITB,STT",148
3178,"EL,SYY",148
3179,"WAT,DGX",148
3180,"WAT,ORCL",148
3181,"WAT,AVY",148
3182,"IDXX,V",148
3183,"IDXX,CDNS",148
3184,"IDXX,APH",148
3185,"PRU,MTB",148
3186,"SYK,GD",148
3187,"SYK,WM",148
3188,"SYK,CMCSA",148
3189,"AOS,WU",148
3190,"AOS,FAST",148
3191,"AVB,PLD",148
3192,"AIZ,DFS",148
3193,"NSC,BRK.B",148
3194,"IVZ,STT",148
3195,"AIG,WU",148
3196,"AIG,PCAR",148
3197,"AIG,SCHW",148
3198,"AIG,IT",148
3199,"AIG,HRS",148
3200,"AIG,C",148
3201,"AIG,INTU",148
3202,"AIG,ANSS",148
3203,"O,SPG",148
3204,"O,BXP",148
3205,"DHR,LH",148
3206,"DHR,TJX",148
3207,"DHR,AME",148
3208,"AFL,CDNS",148
3209,"AFL,CMCSA",148
3210,"AFL,DFS",148
3211,"AFL,WAT",148
3212,"MET,BRK.B",148
3213,"BA,GD",148
3214,"DPS,HSY",148
3215,"DPS,LLL",148
3216,"COL,L",148
3217,"COL,APH",148
3218,"COL,RHI",148
3219,"LH,UHS",148
3220,"XRAY,LH",148
3221,"ANSS,AVY",148
3222,"COO,BDX",148
3223,"COO,CAG",148
3224,"CSCO,PBCT",148
3225,"CSCO,GOOG",148
3226,"CSCO,BLK",148
3227,"CSCO,MAS",148
3228,"WBA,CINF",148
3229,"HON,SYY",148
3230,"HON,NOC",148
3231,"HON,DOV",148
3232,"HON,CDNS",148
3233,"ISRG,CINF",148
3234,"ISRG,ZBH",148
3235,"EXR,BXP",148
3236,"CINF,EL",148
3237,"JEC,L",148
3238,"AME,FAST",148
3239,"AME,AXP",148
3240,"AME,MMM",148
3241,"AME,MMC",148
3242,"BK,WFC",148
3243,"BK,HBAN",148
3244,"BK,AME",148
3245,"PFG,MA",148
3246,"WHR,MHK",148
3247,"MNST,KO",148
3248,"MSI,HRS",148
3249,"MSFT,ADP",148
3250,"ORCL,GOOG",148
3251,"USB,ANSS",148
3252,"USB,COL",148
3253,"ITW,FIS",148
3254,"ITW,EL",148
3255,"ROK,GLW",148
3256,"HIG,PBCT",148
3257,"HIG,V",148
3258,"HIG,DFS",148
3259,"HSIC,SBUX",148
3260,"HSIC,JNJ",148
3261,"HII,L",148
3262,"HII,CINF",148
3263,"HII,HON",148
3264,"LEG,DGX",148
3265,"TXN,VRSK",148
3266,"TXN,SNA",148
3267,"RSG,DGX",148
3268,"RSG,SNA",148
3269,"ALGN,APH",148
3270,"ADI,BRK.B",148
3271,"ADI,DFS",148
3272,"CDNS,CTAS",148
3273,"CDNS,HSIC",148
3274,"ROP,RSG",148
3275,"ROP,GE",148
3276,"ROP,USB",148
3277,"ROP,FAST",148
3278,"ROP,FDX",148
3279,"ROP,DFS",148
3280,"ROP,COL",148
3281,"NTRS,CMA",148
3282,"AMP,MTB",148
3283,"UPS,ADI",148
3284,"CTXS,ECL",148
3285,"CTXS,APH",148
3286,"CPB,SPG",148
3287,"CPB,HRL",148
3288,"MA,DGX",148
3289,"MA,HSIC",148
3290,"MA,MMC",148
3291,"SJM,UDR",148
3292,"SJM,REG",148
3293,"ADP,ADI",148
3294,"SWK,ALLE",148
3295,"SWK,UPS",148
3296,"SWK,TXN",148
3297,"SWK,AME",148
3298,"SWK,EXPD",148
3299,"CVS,BRK.B",148
3300,"HSY,SYY",148
3301,"TXT,RHI",148
3302,"TXT,AMP",148
3303,"CCI,PLD",148
3304,"CCI,ALL",148
3305,"TEL,SNA",148
3306,"TEL,PFG",148
3307,"TEL,MCHP",148
3308,"TEL,MTD",148
3309,"ETFC,BAC",148
3310,"BLL,CINF",148
3311,"MCD,GOOGL",148
3312,"MCD,HSIC",148
3313,"MCD,JNJ",148
3314,"NDAQ,CME",148
3315,"NDAQ,CDNS",148
3316,"MMM,PPG",148
3317,"VAR,GOOGL",148
3318,"VAR,MA",148
3319,"VAR,GOOG",148
3320,"VAR,A",148
3321,"VAR,ADP",148
3322,"VAR,CA",148
3323,"ECL,DGX",148
3324,"ECL,HSIC",148
3325,"CB,PBCT",148
3326,"CB,AIZ",148
3327,"CB,ZBH",148
3328,"JCI,ECL",148
3329,"JCI,ADP",148
3330,"A,MA",148
3331,"A,ANSS",148
3332,"A,ITW",148
3333,"FDX,LEG",148
3334,"FDX,ITW",148
3335,"IR,FAST",148
3336,"IR,ORCL",148
3337,"IR,IBM",148
3338,"IT,GD",148
3339,"IT,LEG",148
3340,"IT,HSIC",148
3341,"IT,CINF",148
3342,"MTB,MA",148
3343,"HCN,FRT",148
3344,"MCK,PFE",148
3345,"LLL,EL",148
3346,"GD,ECL",148
3347,"GD,AIZ",148
3348,"GD,REG",148
3349,"MTD,RSG",148
3350,"MTD,APD",148
3351,"GE,PBCT",148
3352,"PG,HSY",148
3353,"PG,CINF",148
3354,"PG,MCD",148
3355,"TRV,LH",148
3356,"TRV,HRS",148
3357,"TRV,XL",148
3358,"TRV,ADBE",148
3359,"TRV,DFS",148
3360,"ZION,MS",148
3361,"PH,DOV",148
3362,"PH,FDX",148
3363,"PH,ANSS",148
3364,"CL,GE",148
3365,"CL,TJX",148
3366,"CL,FRT",148
3367,"CL,V",148
3368,"CL,T",148
3369,"CL,AVY",148
3370,"CL,IBM",148
3371,"AXP,BLK",148
3372,"AXP,ITW",148
3373,"MCO,NTRS",148
3374,"MCO,MAR",148
3375,"MCO,ALLE",148
3376,"MCO,AXP",148
3377,"MCO,CSCO",148
3378,"CAG,SYY",148
3379,"CAG,BRK.B",148
3380,"GLW,ORCL",148
3381,"GLW,FDX",148
3382,"NOC,PCG",148
3383,"NOC,BRK.B",148
3384,"NOC,JNJ",148
3385,"PM,CCI",148
3386,"PM,VNO",148
3387,"PM,LLL",148
3388,"PM,EL",148
3389,"SCHW,GS",148
3390,"SCHW,IVZ",148
3391,"L,LH",148
3392,"L,CTAS",148
3393,"L,BEN",148
3394,"L,MMM",148
3395,"L,EL",148
3396,"VRSK,MSI",148
3397,"ALLE,BDX",148
3398,"ALLE,MTB",148
3399,"ALLE,LLL",148
3400,"PGR,CPB",148
3401,"PGR,ADP",148
3402,"IBM,SNA",148
3403,"GOOGL,MRK",148
3404,"GOOGL,ECL",148
3405,"GOOGL,HSIC",148
3406,"GOOGL,IBM",148
3407,"PNC,GE",148
3408,"ADBE,CINF",148
3409,"RJF,STI",148
3410,"CTSH,V",148
3411,"EFX,IT",148
3412,"EFX,ALL",148
3413,"EFX,ECL",148
3414,"EFX,ORCL",148
3415,"EFX,IPG",148
3416,"EFX,TXN",148
3417,"EFX,CSCO",148
3418,"PKI,DGX",148
3419,"DVA,AJG",148
3420,"DVA,DGX",148
3421,"BF.B,DPS",148
3422,"PX,DFS",148
3423,"LLY,JNJ",148
3424,"INTC,DGX",148
3425,"INTC,ALLE",148
3426,"INTC,L",148
3427,"INTC,DFS",148
3428,"INTC,MSFT",148
3429,"LOW,UPS",148
3430,"ESRX,BDX",148
3431,"ESRX,MRK",148
3432,"ESRX,ALLE",148
3433,"ESRX,ZBH",148
3434,"ESRX,HON",148
3435,"ESRX,IBM",148
3436,"COST,PG",148
3437,"OMC,BDX",148
3438,"OMC,IT",148
3439,"OMC,GOOG",148
3440,"OMC,TJX",148
3441,"OMC,FDX",148
3442,"OMC,KMB",148
3443,"ABBV,AMGN",148
3444,"RTN,MMM",148
3445,"WM,APH",148
3446,"WM,ADP",148
3447,"WM,MMC",148
3448,"WM,IBM",148
3449,"KHC,WM",148
3450,"KHC,ECL",148
3451,"KHC,EFX",148
3452,"EMN,GE",148
3453,"EMN,BRK.B",148
3454,"EMN,AME",148
3455,"V,GE",148
3456,"V,CDNS",148
3457,"V,ITW",148
3458,"SNPS,MMC",148
3459,"SNPS,ZBH",148
3460,"CHD,RSG",148
3461,"UNH,MRK",148
3462,"UNH,SBUX",148
3463,"UNH,HSIC",148
3464,"TSN,CHD",148
3465,"TSN,MO",148
3466,"TSN,HRL",148
3467,"GIS,LMT",148
3468,"GIS,MCD",148
3469,"GIS,T",148
3470,"UTX,MA",148
3471,"UTX,PH",148
3472,"DE,BRK.B",148
3473,"ABC,MRK",148
3474,"FAST,L",148
3475,"GPC,ORLY",148
3476,"GPC,PGR",148
3477,"GPC,ALL",148
3478,"GPC,FDX",148
3479,"GPC,FLIR",148
3480,"GPC,FIS",148
3481,"GPC,SHW",148
3482,"DIS,MA",147
3483,"DIS,FOX",147
3484,"DIS,FOXA",147
3485,"DIS,ADP",147
3486,"DIS,MSI",147
3487,"EMR,AJG",147
3488,"EMR,PNC",147
3489,"EMR,APH",147
3490,"EMR,IR",147
3491,"EMR,SWK",147
3492,"MAR,CINF",147
3493,"PNR,FLR",147
3494,"TSS,ROP",147
3495,"EXPD,RSG",147
3496,"EXPD,MA",147
3497,"EXPD,CINF",147
3498,"UNM,ETFC",147
3499,"UNM,L",147
3500,"WU,ECL",147
3501,"WU,ALLE",147
3502,"WU,BLK",147
3503,"WU,LEG",147
3504,"WU,PPG",147
3505,"WU,MSI",147
3506,"TROW,MA",147
3507,"TROW,VRSK",147
3508,"TROW,CB",147
3509,"TROW,LNC",147
3510,"TROW,PX",147
3511,"TROW,CINF",147
3512,"TROW,ITW",147
3513,"TROW,CAH",147
3514,"FRT,K",147
3515,"FRT,CLX",147
3516,"FISV,LMT",147
3517,"FISV,ALL",147
3518,"FISV,MSI",147
3519,"UNP,XYL",147
3520,"ALL,RTN",147
3521,"ALL,SNA",147
3522,"ALL,APH",147
3523,"ALL,DFS",147
3524,"PEP,GOOGL",147
3525,"PEP,REG",147
3526,"NLSN,MCO",147
3527,"NLSN,APH",147
3528,"TMK,GD",147
3529,"TMK,MA",147
3530,"TMK,ACN",147
3531,"TMK,C",147
3532,"TMK,ORCL",147
3533,"TMK,INTC",147
3534,"TMK,VAR",147
3535,"TMK,ROK",147
3536,"TMK,HON",147
3537,"HD,GE",147
3538,"HD,CMCSA",147
3539,"WY,PPG",147
3540,"PCLN,GOOGL",147
3541,"MKC,CB",147
3542,"MDT,FISV",147
3543,"MDT,GE",147
3544,"MDT,ALGN",147
3545,"MHK,SNA",147
3546,"TMO,MRK",147
3547,"TMO,XYL",147
3548,"TMO,MCO",147
3549,"PLD,EQR",147
3550,"INTU,LRCX",147
3551,"INTU,GOOGL",147
3552,"INTU,CTXS",147
3553,"INTU,NLSN",147
3554,"SLG,PLD",147
3555,"IPG,FOX",147
3556,"IPG,CINF",147
3557,"IPG,CMCSA",147
3558,"IPG,HD",147
3559,"ETN,ALL",147
3560,"ETN,UTX",147
3561,"ETN,TXT",147
3562,"ETN,CINF",147
3563,"PAYX,RSG",147
3564,"PAYX,AJG",147
3565,"PAYX,WM",147
3566,"PAYX,KHC",147
3567,"PAYX,INTC",147
3568,"PAYX,PEP",147
3569,"AON,FISV",147
3570,"AON,ACN",147
3571,"AON,AIZ",147
3572,"AON,ETN",147
3573,"AON,ANSS",147
3574,"COF,MS",147
3575,"COF,MET",147
3576,"COF,HBAN",147
3577,"COF,L",147
3578,"SYF,BBT",147
3579,"TJX,ALL",147
3580,"TJX,UPS",147
3581,"WAT,BDX",147
3582,"WAT,CTAS",147
3583,"WAT,ALLE",147
3584,"WAT,HSIC",147
3585,"WAT,ADP",147
3586,"WAT,MMC",147
3587,"ABT,LH",147
3588,"ABT,MRK",147
3589,"ABT,BSX",147
3590,"ABT,LLY",147
3591,"ABT,CAH",147
3592,"LMT,CHD",147
3593,"LMT,CINF",147
3594,"SYK,GOOGL",147
3595,"SYK,AFL",147
3596,"SYK,SYY",147
3597,"SYK,UNH",147
3598,"APH,SPGI",147
3599,"APH,DFS",147
3600,"AOS,SNA",147
3601,"AOS,MCO",147
3602,"IVZ,PBCT",147
3603,"IVZ,BAC",147
3604,"IVZ,KEY",147
3605,"AIG,DIS",147
3606,"AIG,CTAS",147
3607,"AIG,ECL",147
3608,"AIG,ESRX",147
3609,"O,MAC",147
3610,"O,PLD",147
3611,"TWX,IPG",147
3612,"DHR,GE",147
3613,"DHR,TRV",147
3614,"DHR,ALLE",147
3615,"DHR,GPC",147
3616,"DHR,ESRX",147
3617,"DHR,PPG",147
3618,"DHR,XRAY",147
3619,"DHR,MMM",147
3620,"DHR,ANSS",147
3621,"DHR,ZBH",147
3622,"DHR,IBM",147
3623,"CTAS,ZBH",147
3624,"DLTR,TJX",147
3625,"WLTW,MMC",147
3626,"AFL,HSIC",147
3627,"AFL,AVY",147
3628,"TAP,KO",147
3629,"FBHS,ALLE",147
3630,"COL,RSG",147
3631,"COL,CMCSA",147
3632,"COL,ITW",147
3633,"LH,MRK",147
3634,"LH,HRS",147
3635,"XRAY,AFL",147
3636,"HOLX,WAT",147
3637,"AJG,ZBH",147
3638,"CSCO,LEG",147
3639,"CSCO,IDXX",147
3640,"CSCO,SPGI",147
3641,"PPG,FOX",147
3642,"PPG,APH",147
3643,"PPG,ZBH",147
3644,"PSA,PLD",147
3645,"HON,RSG",147
3646,"HON,IPG",147
3647,"HON,ADBE",147
3648,"HON,AVY",147
3649,"PFE,GD",147
3650,"PFE,ZBH",147
3651,"DGX,APH",147
3652,"ISRG,BRK.B",147
3653,"EXR,AIV",147
3654,"CINF,LH",147
3655,"CINF,MRK",147
3656,"CMCSA,FOX",147
3657,"CMCSA,AIZ",147
3658,"AME,MSI",147
3659,"LNC,IVZ",147
3660,"LNC,STT",147
3661,"YUM,PPG",147
3662,"BK,ZION",147
3663,"PFG,PBCT",147
3664,"PFG,STT",147
3665,"PFG,MTB",147
3666,"LKQ,ANSS",147
3667,"WHR,HON",147
3668,"MNST,DPS",147
3669,"CME,BRK.B",147
3670,"MSI,BRK.B",147
3671,"MSI,KO",147
3672,"MSFT,MA",147
3673,"MSFT,MSI",147
3674,"MSFT,FB",147
3675,"ORCL,CTAS",147
3676,"WFC,STI",147
3677,"USB,VRSK",147
3678,"USB,HRS",147
3679,"USB,CSCO",147
3680,"ROK,GE",147
3681,"KMB,GD",147
3682,"KMB,BRK.B",147
3683,"KMB,HSIC",147
3684,"KMB,EXPD",147
3685,"KMB,CMCSA",147
3686,"HSIC,FB",147
3687,"HSIC,KO",147
3688,"SNA,AJG",147
3689,"SNA,BRK.B",147
3690,"SNA,MSI",147
3691,"SNA,KO",147
3692,"BAX,MTD",147
3693,"LEG,HRS",147
3694,"TXN,AJG",147
3695,"TXN,GOOG",147
3696,"TXN,ROK",147
3697,"ALGN,XRAY",147
3698,"ALGN,ANSS",147
3699,"CDNS,FIS",147
3700,"CDNS,ITW",147
3701,"ROP,KMB",147
3702,"AMP,COF",147
3703,"UPS,AIZ",147
3704,"UPS,EL",147
3705,"CTXS,CDNS",147
3706,"CPB,T",147
3707,"CPB,STZ",147
3708,"MMC,ACN",147
3709,"MMC,LEG",147
3710,"MMC,ANSS",147
3711,"AZO,ROST",147
3712,"STT,CFG",147
3713,"ADP,HRS",147
3714,"ADP,ITW",147
3715,"SWK,GD",147
3716,"SWK,AIZ",147
3717,"SWK,ROP",147
3718,"SWK,MHK",147
3719,"SWK,ADI",147
3720,"SWK,ROK",147
3721,"AMT,UDR",147
3722,"AMT,CINF",147
3723,"AMT,KO",147
3724,"ORLY,MA",147
3725,"TXT,XYL",147
3726,"TXT,BEN",147
3727,"TXT,PPG",147
3728,"TXT,MTB",147
3729,"CCI,NOC",147
3730,"CCI,IPG",147
3731,"TEL,MA",147
3732,"TEL,DGX",147
3733,"TEL,LH",147
3734,"TEL,HIG",147
3735,"TEL,AME",147
3736,"TEL,IBM",147
3737,"BLK,XYL",147
3738,"ETFC,BK",147
3739,"RMD,AJG",147
3740,"RMD,BDX",147
3741,"CA,ECL",147
3742,"MCD,ALL",147
3743,"MCD,NOC",147
3744,"MCD,K",147
3745,"MCD,ADP",147
3746,"MMM,EL",147
3747,"VAR,RMD",147
3748,"VAR,XL",147
3749,"VAR,APD",147
3750,"VAR,IDXX",147
3751,"VAR,PKG",147
3752,"VAR,MMM",147
3753,"VAR,BAX",147
3754,"ECL,LH",147
3755,"ECL,MRK",147
3756,"IP,FDX",147
3757,"IP,IBM",147
3758,"CB,BLL",147
3759,"CB,BSX",147
3760,"CB,VAR",147
3761,"CB,SWK",147
3762,"JCI,CMCSA",147
3763,"FDX,APH",147
3764,"FDX,ADP",147
3765,"FDX,DFS",147
3766,"IR,AFL",147
3767,"IR,MA",147
3768,"IR,AME",147
3769,"IR,MSI",147
3770,"PBCT,STT",147
3771,"IT,CTAS",147
3772,"IT,SNA",147
3773,"IT,AIZ",147
3774,"IT,GLW",147
3775,"HCN,UDR",147
3776,"HCN,VNO",147
3777,"LLL,MRK",147
3778,"LLL,KO",147
3779,"GD,HSIC",147
3780,"GD,JNJ",147
3781,"GD,MMC",147
3782,"MTD,LH",147
3783,"MTD,FIS",147
3784,"XLNX,TEL",147
3785,"XLNX,AVGO",147
3786,"XLNX,ECL",147
3787,"XLNX,ORCL",147
3788,"XLNX,ITW",147
3789,"XLNX,MAS",147
3790,"XLNX,SWK",147
3791,"PG,PCG",147
3792,"PG,CCI",147
3793,"TRV,RTN",147
3794,"TRV,DGX",147
3795,"TRV,GOOG",147
3796,"TRV,K",147
3797,"TRV,CDNS",147
3798,"TRV,ROP",147
3799,"TRV,BSX",147
3800,"JPM,PPG",147
3801,"PH,FLS",147
3802,"PH,MCHP",147
3803,"PH,MSI",147
3804,"CL,MA",147
3805,"CL,L",147
3806,"CL,HII",147
3807,"CL,TXN",147
3808,"CL,ANSS",147
3809,"CL,WAT",147
3810,"AXP,MA",147
3811,"AXP,LEG",147
3812,"MCO,PCLN",147
3813,"MCO,LEG",147
3814,"MCO,VAR",147
3815,"MCO,ANSS",147
3816,"GLW,APH",147
3817,"NOC,SYY",147
3818,"NOC,UPS",147
3819,"NOC,CMCSA",147
3820,"BBT,CSX",147
3821,"K,HRL",147
3822,"PM,GD",147
3823,"PM,MCD",147
3824,"SCHW,STI",147
3825,"SCHW,BLK",147
3826,"SCHW,BBT",147
3827,"DRE,EQR",147
3828,"DRE,VTR",147
3829,"L,FIS",147
3830,"VRSK,PBCT",147
3831,"VRSK,AVY",147
3832,"PGR,CHD",147
3833,"PGR,AJG",147
3834,"PGR,LLL",147
3835,"IBM,AJG",147
3836,"IBM,CTAS",147
3837,"IBM,CINF",147
3838,"IBM,APH",147
3839,"ARE,UDR",147
3840,"ARE,BXP",147
3841,"GOOGL,AJG",147
3842,"GOOGL,ACN",147
3843,"GOOGL,NOC",147
3844,"PCAR,TEL",147
3845,"PCAR,DFS",147
3846,"PNC,MS",147
3847,"PNC,ITW",147
3848,"ADBE,CDNS",147
3849,"ESS,KIM",147
3850,"WMT,CMCSA",147
3851,"RJF,AXP",147
3852,"RJF,CFG",147
3853,"CTSH,ACN",147
3854,"EFX,RSG",147
3855,"EFX,VRSK",147
3856,"EFX,MTD",147
3857,"PKI,ECL",147
3858,"MAC,SYY",147
3859,"BF.B,APD",147
3860,"VRSN,AJG",147
3861,"PX,IT",147
3862,"PX,ALLE",147
3863,"PX,FAST",147
3864,"PX,AIZ",147
3865,"PX,ADP",147
3866,"SEE,AJG",147
3867,"SEE,PX",147
3868,"EQIX,CTAS",147
3869,"INTC,HRS",147
3870,"INTC,V",147
3871,"LOW,HON",147
3872,"SHW,ADP",147
3873,"DOV,GLW",147
3874,"ESRX,L",147
3875,"ESRX,DFS",147
3876,"COST,RSG",147
3877,"COST,GOOGL",147
3878,"COST,TAP",147
3879,"COST,JNJ",147
3880,"OMC,CCI",147
3881,"OMC,A",147
3882,"OMC,L",147
3883,"OMC,HSIC",147
3884,"OMC,HD",147
3885,"OMC,HAS",147
3886,"GS,STT",147
3887,"RTN,BDX",147
3888,"WM,LMT",147
3889,"WM,GOOG",147
3890,"WM,ALL",147
3891,"WM,OMC",147
3892,"KHC,APD",147
3893,"KHC,MSFT",147
3894,"EMN,WYN",147
3895,"EMN,TEL",147
3896,"EMN,INTC",147
3897,"V,CINF",147
3898,"V,ANSS",147
3899,"SNPS,BLL",147
3900,"SNPS,SYY",147
3901,"SNPS,XLNX",147
3902,"SNPS,TEL",147
3903,"SNPS,UPS",147
3904,"SNPS,MCO",147
3905,"SNPS,LLL",147
3906,"CHD,NOC",147
3907,"CHD,HRL",147
3908,"CHD,LLL",147
3909,"UNH,BRK.B",147
3910,"BSX,CTAS",147
3911,"TSN,KMB",147
3912,"GIS,BF.B",147
3913,"UTX,RSG",147
3914,"UTX,VRSK",147
3915,"UTX,SNA",147
3916,"UTX,ECL",147
3917,"UTX,ORCL",147
3918,"UTX,PG",147
3919,"UTX,OMC",147
3920,"UTX,SWK",147
3921,"DE,HON",147
3922,"ABC,LH",147
3923,"FAST,GD",147
3924,"FAST,CDNS",147
3925,"GPC,GE",147
3926,"GPC,HRS",147
3927,"GPC,FAST",147
3928,"GPC,AIZ",147
3929,"GPC,HSIC",147
3930,"GPC,PPG",147
3931,"GPC,APH",147
3932,"GPC,IP",147
3933,"GPC,IPG",147
3934,"GPC,AME",147
3935,"GPC,ROST",147
3936,"GPC,HD",147
3937,"GPC,SWK",147
3938,"DIS,GOOGL",146
3939,"DIS,VRSK",146
3940,"DIS,ORCL",146
3941,"TSS,V",146
3942,"TSS,MSI",146
3943,"TSS,VAR",146
3944,"MAS,MA",146
3945,"EXPD,CAG",146
3946,"UNM,CFG",146
3947,"WU,TEL",146
3948,"WU,EMN",146
3949,"WU,USB",146
3950,"WU,MMC",146
3951,"TROW,TEL",146
3952,"TROW,INTC",146
3953,"TROW,ESRX",146
3954,"TROW,OMC",146
3955,"TROW,COF",146
3956,"TROW,JEC",146
3957,"TROW,SPGI",146
3958,"FRT,RSG",146
3959,"FISV,TJX",146
3960,"FISV,SRCL",146
3961,"FISV,ROP",146
3962,"FISV,HII",146
3963,"ALL,GE",146
3964,"ALL,ORCL",146
3965,"ALL,SBUX",146
3966,"ALL,T",146
3967,"ALL,FDX",146
3968,"ICE,GOOGL",146
3969,"ICE,VRSK",146
3970,"NLSN,GE",146
3971,"NLSN,VAR",146
3972,"TMK,EMR",146
3973,"TMK,SNA",146
3974,"TMK,V",146
3975,"HD,GOOG",146
3976,"HD,MSI",146
3977,"HD,IBM",146
3978,"MDLZ,VRSK",146
3979,"MDLZ,K",146
3980,"FFIV,ORCL",146
3981,"EQR,KIM",146
3982,"MKC,PSA",146
3983,"MKC,VZ",146
3984,"MKC,CVS",146
3985,"RE,XL",146
3986,"RE,KO",146
3987,"SYY,RE",146
3988,"MDT,CINF",146
3989,"MDT,COO",146
3990,"MDT,IDXX",146
3991,"MDT,HON",146
3992,"MDT,KMB",146
3993,"KEY,WFC",146
3994,"MHK,MSI",146
3995,"TMO,ROP",146
3996,"TMO,APH",146
3997,"TMO,GLW",146
3998,"TMO,ADP",146
3999,"TMO,MSI",146
4000,"TMO,ZBH",146
4001,"TMO,HOLX",146
4002,"INTU,DIS",146
4003,"INTU,WU",146
4004,"INTU,TRV",146
4005,"INTU,CB",146
4006,"INTU,FIS",146
4007,"INTU,ADI",146
4008,"IPG,VRSK",146
4009,"IPG,BDX",146
4010,"IPG,GE",146
4011,"IPG,ALLE",146
4012,"ETN,CAT",146
4013,"PAYX,WBA",146
4014,"AON,PG",146
4015,"AON,T",146
4016,"AON,IPG",146
4017,"AON,TXN",146
4018,"AON,OMC",146
4019,"AON,EFX",146
4020,"AON,EL",146
4021,"COF,STT",146
4022,"COF,ZION",146
4023,"SYF,NTRS",146
4024,"TJX,CINF",146
4025,"IFF,PPG",146
4026,"FITB,SCHW",146
4027,"EL,APD",146
4028,"WAT,XYL",146
4029,"WAT,ALL",146
4030,"WAT,CDNS",146
4031,"WAT,CINF",146
4032,"IDXX,BDX",146
4033,"IDXX,HSIC",146
4034,"PRU,L",146
4035,"PRU,COF",146
4036,"LMT,VRSK",146
4037,"LMT,CLX",146
4038,"SYK,RTN",146
4039,"SYK,KHC",146
4040,"SYK,XRAY",146
4041,"SYK,IPG",146
4042,"SYK,BSX",146
4043,"SYK,HOLX",146
4044,"APH,XYL",146
4045,"AOS,IR",146
4046,"AOS,HON",146
4047,"AOS,WAT",146
4048,"AOS,SWK",146
4049,"BAC,STT",146
4050,"BAC,DFS",146
4051,"AVB,FRT",146
4052,"AVB,VZ",146
4053,"NSC,CSX",146
4054,"NSC,USB",146
4055,"NSC,UPS",146
4056,"IVZ,GS",146
4057,"IVZ,L",146
4058,"AIG,GD",146
4059,"AIG,AON",146
4060,"AIG,BEN",146
4061,"AIG,RHI",146
4062,"AIG,SPGI",146
4063,"AIG,COL",146
4064,"AIG,SWK",146
4065,"O,AVB",146
4066,"O,VZ",146
4067,"DHR,DGX",146
4068,"DHR,XLNX",146
4069,"DHR,ISRG",146
4070,"DHR,UTX",146
4071,"DHR,UPS",146
4072,"DHR,TXN",146
4073,"WLTW,TMK",146
4074,"WLTW,ITW",146
4075,"AFL,SNA",146
4076,"AFL,AXP",146
4077,"AFL,JCI",146
4078,"AVY,FIS",146
4079,"AMAT,ADI",146
4080,"DPS,NOC",146
4081,"COL,PPG",146
4082,"COL,MTB",146
4083,"COL,LLL",146
4084,"GGP,BXP",146
4085,"CFG,DFS",146
4086,"SPG,RTN",146
4087,"SPG,MAA",146
4088,"SPG,K",146
4089,"HOLX,BDX",146
4090,"COO,DGX",146
4091,"AJG,XL",146
4092,"CBS,SNI",146
4093,"CSCO,NTRS",146
4094,"CSCO,SNA",146
4095,"CSCO,PPG",146
4096,"CSCO,FDX",146
4097,"CSCO,DFS",146
4098,"PPG,AVY",146
4099,"PPG,SPGI",146
4100,"WBA,RSG",146
4101,"WBA,MA",146
4102,"PSA,RSG",146
4103,"PSA,SYY",146
4104,"HON,LMT",146
4105,"HON,LH",146
4106,"HON,HSIC",146
4107,"HON,MTB",146
4108,"HON,JNJ",146
4109,"HON,YUM",146
4110,"DGX,ACN",146
4111,"ISRG,CTAS",146
4112,"CINF,HRS",146
4113,"CINF,GOOG",146
4114,"CINF,JNJ",146
4115,"CMCSA,XYL",146
4116,"JEC,ZBH",146
4117,"AME,GD",146
4118,"AME,VRSK",146
4119,"AME,ALL",146
4120,"AME,V",146
4121,"AME,CINF",146
4122,"AME,DFS",146
4123,"LNC,MS",146
4124,"LNC,MTB",146
4125,"BK,BEN",146
4126,"BK,MSI",146
4127,"BK,RF",146
4128,"WHR,LEG",146
4129,"KLAC,GOOG",146
4130,"KLAC,APH",146
4131,"MSI,MCHP",146
4132,"ORCL,MCHP",146
4133,"ORCL,FIS",146
4134,"USB,DIS",146
4135,"USB,GE",146
4136,"USB,SNA",146
4137,"USB,XYL",146
4138,"USB,A",146
4139,"USB,V",146
4140,"USB,RHI",146
4141,"USB,CFG",146
4142,"ITW,JNJ",146
4143,"ITW,ZBH",146
4144,"ROK,DOV",146
4145,"ROK,MSI",146
4146,"KMB,ECL",146
4147,"HSIC,MRK",146
4148,"HSIC,CMCSA",146
4149,"HII,RTN",146
4150,"HII,ADP",146
4151,"HII,MMM",146
4152,"SNA,EL",146
4153,"BAX,ZBH",146
4154,"LEG,PPG",146
4155,"TXN,VRSN",146
4156,"TXN,ECL",146
4157,"TXN,MHK",146
4158,"TXN,ITW",146
4159,"RSG,AJG",146
4160,"ADI,CINF",146
4161,"CDNS,BRK.B",146
4162,"CDNS,AVY",146
4163,"CDNS,ADI",146
4164,"ROP,APH",146
4165,"ROP,MSI",146
4166,"ROP,MSFT",146
4167,"ROP,CSCO",146
4168,"UPS,APH",146
4169,"VTR,MAC",146
4170,"CSX,BRK.B",146
4171,"CTXS,GOOGL",146
4172,"CTXS,GOOG",146
4173,"CTXS,MHK",146
4174,"CPB,MDLZ",146
4175,"CPB,RTN",146
4176,"MMC,XYL",146
4177,"MMC,JNJ",146
4178,"AZO,HSIC",146
4179,"STT,RF",146
4180,"MA,RSG",146
4181,"MA,CINF",146
4182,"MA,APD",146
4183,"MA,ADI",146
4184,"MA,FB",146
4185,"SWK,AFL",146
4186,"SWK,LEG",146
4187,"SWK,FDX",146
4188,"SWK,CMCSA",146
4189,"SWK,SPGI",146
4190,"SWK,ZBH",146
4191,"AMT,MMC",146
4192,"CVS,ALL",146
4193,"CVS,PEP",146
4194,"CCI,MO",146
4195,"CCI,K",146
4196,"CCI,MMM",146
4197,"CCI,REG",146
4198,"CCI,LLL",146
4199,"CCI,KO",146
4200,"TEL,CTAS",146
4201,"TEL,ORCL",146
4202,"TEL,APD",146
4203,"ETFC,NTRS",146
4204,"ETFC,HBAN",146
4205,"BLL,APH",146
4206,"BLL,MSI",146
4207,"CA,MA",146
4208,"CA,CDNS",146
4209,"CA,ANSS",146
4210,"MCD,RTN",146
4211,"MCD,ORLY",146
4212,"MCD,DPS",146
4213,"MCD,EL",146
4214,"NDAQ,GOOG",146
4215,"VAR,GD",146
4216,"VAR,LEG",146
4217,"VAR,V",146
4218,"VAR,FDX",146
4219,"VAR,GLW",146
4220,"VAR,LLL",146
4221,"VAR,DFS",146
4222,"ECL,SPGI",146
4223,"CB,MA",146
4224,"CB,V",146
4225,"CB,APD",146
4226,"CB,DFS",146
4227,"CB,IBM",146
4228,"A,GOOG",146
4229,"VNO,CCI",146
4230,"MO,HRL",146
4231,"IR,NTRS",146
4232,"IR,AJG",146
4233,"IR,ECL",146
4234,"IR,AXP",146
4235,"IR,BRK.B",146
4236,"IR,GWW",146
4237,"IR,FDX",146
4238,"IR,MTB",146
4239,"PBCT,APH",146
4240,"IT,ALL",146
4241,"IT,ITW",146
4242,"MTB,BRK.B",146
4243,"MTB,APH",146
4244,"C,PBCT",146
4245,"HCN,ARE",146
4246,"LLL,DGX",146
4247,"LLL,SRCL",146
4248,"LLL,FIS",146
4249,"LLL,MMC",146
4250,"HCP,FRT",146
4251,"SWKS,QRVO",146
4252,"GD,CTAS",146
4253,"GD,AVY",146
4254,"MTD,CINF",146
4255,"GE,LH",146
4256,"GE,MRK",146
4257,"GE,ORCL",146
4258,"XLNX,AIZ",146
4259,"XLNX,JPM",146
4260,"XLNX,HON",146
4261,"FLIR,VRSK",146
4262,"FLIR,BRK.B",146
4263,"FLIR,FIS",146
4264,"MS,RF",146
4265,"PG,CB",146
4266,"TRV,IT",146
4267,"TRV,HII",146
4268,"TRV,CLX",146
4269,"TRV,LLL",146
4270,"TRV,ITW",146
4271,"TRV,ADI",146
4272,"JPM,CFG",146
4273,"NKE,SBUX",146
4274,"PH,AFL",146
4275,"PH,FOX",146
4276,"PH,ROP",146
4277,"PH,PPG",146
4278,"PH,ADP",146
4279,"CL,IT",146
4280,"CL,SPG",146
4281,"CL,WMT",146
4282,"CL,RE",146
4283,"CL,EXPD",146
4284,"CL,TAP",146
4285,"MCO,VRSK",146
4286,"MCO,TXN",146
4287,"MCO,ADBE",146
4288,"CAG,CINF",146
4289,"GLW,MA",146
4290,"GLW,KLAC",146
4291,"GLW,ANSS",146
4292,"VZ,UDR",146
4293,"VZ,FRT",146
4294,"VZ,MCD",146
4295,"NOC,MMM",146
4296,"NOC,MMC",146
4297,"BBT,PFG",146
4298,"K,CTAS",146
4299,"PM,CAG",146
4300,"PM,TRV",146
4301,"PM,HSY",146
4302,"SCHW,L",146
4303,"L,ORCL",146
4304,"L,LLL",146
4305,"VRSK,XYL",146
4306,"VRSK,AXP",146
4307,"SBAC,AMT",146
4308,"PGR,HIG",146
4309,"PGR,LEG",146
4310,"PGR,RE",146
4311,"PGR,XL",146
4312,"PGR,EXPD",146
4313,"PGR,VAR",146
4314,"PGR,AVY",146
4315,"PGR,DFS",146
4316,"IBM,LKQ",146
4317,"IBM,PPG",146
4318,"IBM,MSI",146
4319,"IBM,ITW",146
4320,"GOOGL,MSI",146
4321,"PCAR,USB",146
4322,"PKG,APH",146
4323,"PNC,ORCL",146
4324,"PNC,PPG",146
4325,"PNC,APH",146
4326,"PNC,JEC",146
4327,"PNC,HON",146
4328,"PNC,CSCO",146
4329,"ADBE,LEG",146
4330,"ESS,BXP",146
4331,"RJF,DFS",146
4332,"EFX,SYY",146
4333,"EFX,TEL",146
4334,"EFX,L",146
4335,"EFX,BRK.B",146
4336,"PKI,CAH",146
4337,"BF.B,AFL",146
4338,"BF.B,LH",146
4339,"BF.B,BRK.B",146
4340,"BF.B,MMM",146
4341,"BF.B,LLL",146
4342,"VRSN,CTAS",146
4343,"PX,HIG",146
4344,"PX,V",146
4345,"PX,MMC",146
4346,"PX,COL",146
4347,"SEE,HON",146
4348,"EQIX,DRE",146
4349,"INTC,GE",146
4350,"INTC,MHK",146
4351,"INTC,KLAC",146
4352,"INTC,JCI",146
4353,"LOW,ADI",146
4354,"SHW,LH",146
4355,"SHW,CDNS",146
4356,"SHW,ITW",146
4357,"ESRX,AJG",146
4358,"ESRX,CB",146
4359,"ESRX,ECL",146
4360,"T,BRK.B",146
4361,"T,CINF",146
4362,"OMC,LH",146
4363,"OMC,MAR",146
4364,"OMC,TXT",146
4365,"OMC,PX",146
4366,"OMC,AVY",146
4367,"OMC,SPGI",146
4368,"GS,WFC",146
4369,"RTN,HRS",146
4370,"WM,SYY",146
4371,"WM,PCG",146
4372,"WM,ECL",146
4373,"WM,PSA",146
4374,"WM,REG",146
4375,"WM,COL",146
4376,"KHC,BRK.B",146
4377,"EMN,MA",146
4378,"EMN,MSI",146
4379,"EMN,ADI",146
4380,"EMN,BK",146
4381,"V,AXP",146
4382,"SNPS,VRSN",146
4383,"SNPS,COO",146
4384,"SNPS,PG",146
4385,"SNPS,KO",146
4386,"UNH,NOC",146
4387,"UNH,JNJ",146
4388,"UNH,HON",146
4389,"BSX,CINF",146
4390,"BSX,MTD",146
4391,"TSN,CLX",146
4392,"ZTS,ADP",146
4393,"GIS,MAC",146
4394,"GIS,HON",146
4395,"UTX,CB",146
4396,"UTX,PM",146
4397,"HAS,BRK.B",146
4398,"FAST,MCHP",146
4399,"GPC,DGX",146
4400,"GPC,TGT",146
4401,"GPC,LOW",146
4402,"GPC,VMC",146
4403,"GPC,ORCL",146
4404,"GPC,GWW",146
4405,"GPC,HII",146
4406,"GPC,PEP",146
4407,"GPC,DFS",146
4408,"DIS,SNA",145
4409,"DIS,DFS",145
4410,"DIS,EL",145
4411,"EMR,GD",145
4412,"EMR,DOV",145
4413,"EMR,DFS",145
4414,"MAR,BRK.B",145
4415,"TSS,BLL",145
4416,"TSS,SNPS",145
4417,"MAS,AJG",145
4418,"MAS,ADP",145
4419,"MAS,ITW",145
4420,"EXPD,CHD",145
4421,"EXPD,MMC",145
4422,"WU,PRU",145
4423,"WU,ESRX",145
4424,"WU,L",145
4425,"WU,RHI",145
4426,"WU,ADI",145
4427,"TROW,PCAR",145
4428,"TROW,TSS",145
4429,"TROW,MS",145
4430,"TROW,GPC",145
4431,"TROW,PH",145
4432,"TROW,VAR",145
4433,"TROW,EFX",145
4434,"TROW,FLR",145
4435,"FRT,MAA",145
4436,"FISV,AJG",145
4437,"FISV,KIM",145
4438,"FISV,SNA",145
4439,"FISV,CB",145
4440,"FISV,ORCL",145
4441,"FISV,MCD",145
4442,"FISV,GIS",145
4443,"FISV,WBA",145
4444,"FISV,SPGI",145
4445,"FISV,ITW",145
4446,"FISV,CA",145
4447,"FISV,WAT",145
4448,"UNP,BLK",145
4449,"ALL,BDX",145
4450,"ALL,XYL",145
4451,"ALL,GLW",145
4452,"ALL,IBM",145
4453,"QCOM,APH",145
4454,"PDCO,LH",145
4455,"ICE,CTAS",145
4456,"ICE,ADI",145
4457,"PEP,RTN",145
4458,"PEP,ADP",145
4459,"NLSN,FISV",145
4460,"NLSN,PH",145
4461,"NLSN,UPS",145
4462,"NLSN,ADP",145
4463,"NLSN,HON",145
4464,"VMC,ALLE",145
4465,"TMK,DGX",145
4466,"TMK,IT",145
4467,"TMK,RHT",145
4468,"TMK,ALLE",145
4469,"TMK,SNPS",145
4470,"TMK,APH",145
4471,"TMK,COF",145
4472,"TMK,EFX",145
4473,"HD,MAA",145
4474,"HD,A",145
4475,"HD,HSIC",145
4476,"FFIV,ADI",145
4477,"MKC,KIM",145
4478,"MKC,NOC",145
4479,"MDT,LH",145
4480,"MDT,UTX",145
4481,"MDT,ESRX",145
4482,"MDT,MTD",145
4483,"MDT,KO",145
4484,"MDT,SWK",145
4485,"KEY,L",145
4486,"MHK,ADBE",145
4487,"MHK,GLW",145
4488,"TMO,WU",145
4489,"TMO,USB",145
4490,"TMO,ECL",145
4491,"TMO,ALLE",145
4492,"TMO,V",145
4493,"TMO,CDNS",145
4494,"TMO,PPG",145
4495,"INTU,WYN",145
4496,"INTU,TSS",145
4497,"INTU,ALL",145
4498,"INTU,ROP",145
4499,"INTU,BBT",145
4500,"INTU,FDX",145
4501,"INTU,VAR",145
4502,"INTU,DFS",145
4503,"INTU,ITW",145
4504,"INTU,TROW",145
4505,"SLG,DRE",145
4506,"IPG,HSIC",145
4507,"IPG,MSI",145
4508,"IPG,ANSS",145
4509,"IPG,MMC",145
4510,"ETN,TRV",145
4511,"ETN,MTB",145
4512,"ETN,AMP",145
4513,"HUM,AET",145
4514,"PAYX,PLD",145
4515,"PAYX,HSIC",145
4516,"PAYX,GIS",145
4517,"AON,WM",145
4518,"AON,LLL",145
4519,"AON,COL",145
4520,"BRK.B,ZBH",145
4521,"COF,BEN",145
4522,"TJX,KLAC",145
4523,"TJX,HD",145
4524,"IFF,FIS",145
4525,"FITB,TMK",145
4526,"EL,KO",145
4527,"WAT,GOOG",145
4528,"WAT,BRK.B",145
4529,"IDXX,ALLE",145
4530,"IDXX,ADI",145
4531,"PRU,DFS",145
4532,"ABT,ABBV",145
4533,"LMT,MA",145
4534,"LMT,KO",145
4535,"SYK,MMC",145
4536,"SYK,WAT",145
4537,"AOS,EMR",145
4538,"AOS,ECL",145
4539,"AOS,SNPS",145
4540,"AOS,MHK",145
4541,"HRS,XYL",145
4542,"BAC,HBAN",145
4543,"IVZ,STI",145
4544,"AIG,LH",145
4545,"AIG,BAC",145
4546,"AIG,GPC",145
4547,"AIG,EXPD",145
4548,"DHR,SNA",145
4549,"DHR,HRS",145
4550,"DHR,KHC",145
4551,"DHR,ORCL",145
4552,"DHR,SBUX",145
4553,"DHR,L",145
4554,"DHR,ADP",145
4555,"DHR,HAS",145
4556,"DLTR,RTN",145
4557,"DLTR,GOOG",145
4558,"WLTW,SNPS",145
4559,"AFL,NTRS",145
4560,"AFL,XYL",145
4561,"AFL,A",145
4562,"AFL,XL",145
4563,"AFL,APH",145
4564,"AFL,MAS",145
4565,"ACN,CTAS",145
4566,"FBHS,SHW",145
4567,"AVY,CTAS",145
4568,"AVY,APD",145
4569,"BDX,FIS",145
4570,"DPS,HRL",145
4571,"DPS,MMC",145
4572,"XRAY,CINF",145
4573,"XRAY,MMC",145
4574,"SPG,RSG",145
4575,"SPG,ARE",145
4576,"SPG,PEP",145
4577,"ANSS,GOOG",145
4578,"ANSS,SPGI",145
4579,"HOLX,A",145
4580,"COO,TDG",145
4581,"COO,ALLE",145
4582,"AJG,GRMN",145
4583,"CSCO,RSG",145
4584,"CSCO,GOOGL",145
4585,"CSCO,GE",145
4586,"CSCO,MCHP",145
4587,"CSCO,ADBE",145
4588,"CSCO,GLW",145
4589,"CSCO,EXPD",145
4590,"CSCO,HD",145
4591,"PPG,CTAS",145
4592,"PSA,KIM",145
4593,"PSA,PCG",145
4594,"FB,MRK",145
4595,"HON,TDG",145
4596,"HON,FAST",145
4597,"HON,MTD",145
4598,"HON,GLW",145
4599,"HON,DFS",145
4600,"HON,ADI",145
4601,"HON,ZBH",145
4602,"PFE,AFL",145
4603,"DGX,HRS",145
4604,"ISRG,HOLX",145
4605,"CMCSA,MRK",145
4606,"CMCSA,RE",145
4607,"JEC,NTRS",145
4608,"AME,AIZ",145
4609,"AME,UPS",145
4610,"AME,CSCO",145
4611,"LNC,COF",145
4612,"BK,AIZ",145
4613,"PFG,MS",145
4614,"PFG,AXP",145
4615,"PFG,BRK.B",145
4616,"LKQ,PPG",145
4617,"MSI,APD",145
4618,"MSI,AVY",145
4619,"MSFT,ECL",145
4620,"MSFT,V",145
4621,"ORCL,FOX",145
4622,"USB,FAST",145
4623,"USB,MSI",145
4624,"USB,ITW",145
4625,"ROK,USB",145
4626,"ROK,HON",145
4627,"HIG,AFL",145
4628,"HIG,GE",145
4629,"HIG,ECL",145
4630,"HIG,PFG",145
4631,"HIG,HON",145
4632,"KMB,HD",145
4633,"SNA,DGX",145
4634,"SNA,APH",145
4635,"SNA,DFS",145
4636,"BAX,ISRG",145
4637,"LEG,ITW",145
4638,"TXN,CINF",145
4639,"TXN,HON",145
4640,"RSG,GOOG",145
4641,"RSG,FIS",145
4642,"ALGN,MTD",145
4643,"ALGN,ADP",145
4644,"ALGN,ZBH",145
4645,"ADI,ACN",145
4646,"ADI,KLAC",145
4647,"CDNS,MSI",145
4648,"ROP,BLL",145
4649,"ROP,VRSK",145
4650,"ROP,BDX",145
4651,"ROP,SNA",145
4652,"NTRS,WYN",145
4653,"NTRS,ORCL",145
4654,"AMP,RF",145
4655,"UPS,SYY",145
4656,"UPS,JNJ",145
4657,"UPS,KO",145
4658,"CSX,DFS",145
4659,"CTXS,RHT",145
4660,"CTXS,FIS",145
4661,"MMC,SNA",145
4662,"AZO,TJX",145
4663,"STT,STI",145
4664,"HCA,AJG",145
4665,"MA,XYL",145
4666,"MA,AIZ",145
4667,"MA,EL",145
4668,"SJM,CTAS",145
4669,"SJM,NOC",145
4670,"SJM,TAP",145
4671,"SJM,JNJ",145
4672,"ADP,TAP",145
4673,"SWK,ACN",145
4674,"SWK,AVY",145
4675,"DHI,ADP",145
4676,"AMT,GOOG",145
4677,"ORLY,NOC",145
4678,"ORLY,HON",145
4679,"TXT,MMM",145
4680,"CCI,MAC",145
4681,"CCI,UDR",145
4682,"CCI,MAA",145
4683,"CCI,CTAS",145
4684,"CCI,ECL",145
4685,"CCI,CMCSA",145
4686,"TEL,DIS",145
4687,"TEL,XYL",145
4688,"TEL,ROP",145
4689,"TEL,MHK",145
4690,"TEL,MTB",145
4691,"BLK,MA",145
4692,"BLK,PPG",145
4693,"BLK,SPGI",145
4694,"ETFC,MTB",145
4695,"ETFC,CFG",145
4696,"BLL,CMCSA",145
4697,"CA,GOOG",145
4698,"CA,BRK.B",145
4699,"CA,HON",145
4700,"CA,SWK",145
4701,"MCD,MA",145
4702,"MCD,PCG",145
4703,"MCD,SBUX",145
4704,"MCD,REG",145
4705,"NDAQ,AFL",145
4706,"NDAQ,VRSK",145
4707,"NDAQ,LEG",145
4708,"NDAQ,BRK.B",145
4709,"MMM,RSG",145
4710,"VAR,VRSK",145
4711,"VAR,ISRG",145
4712,"VAR,TXT",145
4713,"VAR,EL",145
4714,"ECL,BDX",145
4715,"ECL,GOOG",145
4716,"ECL,CDNS",145
4717,"CB,RSG",145
4718,"CB,BDX",145
4719,"CB,FOX",145
4720,"CB,NOC",145
4721,"CB,HSY",145
4722,"CB,ITW",145
4723,"CB,KO",145
4724,"CB,CAH",145
4725,"A,BRK.B",145
4726,"IR,GE",145
4727,"IR,PKI",145
4728,"IR,MHK",145
4729,"IR,IP",145
4730,"IR,WAT",145
4731,"PBCT,MA",145
4732,"PBCT,CMA",145
4733,"PBCT,AIZ",145
4734,"PBCT,CINF",145
4735,"PBCT,MCHP",145
4736,"PBCT,RF",145
4737,"IT,DGX",145
4738,"IT,ACN",145
4739,"IT,PPG",145
4740,"IT,CMCSA",145
4741,"MTB,BLK",145
4742,"C,WFC",145
4743,"C,CMA",145
4744,"LLL,MA",145
4745,"LLL,MMM",145
4746,"LLL,REG",145
4747,"LLL,ITW",145
4748,"HCP,SPG",145
4749,"GD,CDNS",145
4750,"GD,KO",145
4751,"MTD,GD",145
4752,"GE,DGX",145
4753,"GE,FIS",145
4754,"XLNX,USB",145
4755,"F,BRK.B",145
4756,"MS,STT",145
4757,"PG,CSCO",145
4758,"TRV,GOOGL",145
4759,"TRV,SNA",145
4760,"TRV,CPB",145
4761,"TRV,TJX",145
4762,"TRV,AMT",145
4763,"TRV,EXPD",145
4764,"TRV,KLAC",145
4765,"TRV,CMCSA",145
4766,"JPM,WYN",145
4767,"JPM,HRS",145
4768,"JPM,ANSS",145
4769,"HBAN,WFC",145
4770,"PH,GD",145
4771,"PH,MTB",145
4772,"CL,SNA",145
4773,"CL,LEG",145
4774,"CL,REG",145
4775,"MCO,XLNX",145
4776,"MCO,GOOG",145
4777,"MCO,DHI",145
4778,"MCO,APH",145
4779,"MCO,ADP",145
4780,"CAG,MO",145
4781,"CAG,HRL",145
4782,"CAG,MMC",145
4783,"GLW,BLL",145
4784,"GLW,LEG",145
4785,"VZ,MO",145
4786,"VZ,CCI",145
4787,"VZ,JNJ",145
4788,"NOC,MRK",145
4789,"BBT,HIG",145
4790,"BBT,ALLE",145
4791,"BBT,BEN",145
4792,"LUV,ALK",145
4793,"PM,BRK.B",145
4794,"L,PWR",145
4795,"L,ADI",145
4796,"AAP,ORLY",145
4797,"VRSK,GD",145
4798,"VRSK,DGX",145
4799,"VRSK,CAH",145
4800,"ALLE,ACN",145
4801,"ALLE,ORCL",145
4802,"ALLE,GRMN",145
4803,"ALLE,MLM",145
4804,"ALLE,GLW",145
4805,"ALLE,SPGI",145
4806,"PGR,PG",145
4807,"IBM,A",145
4808,"IBM,ANSS",145
4809,"IBM,EL",145
4810,"JBHT,APH",145
4811,"TSCO,TJX",145
4812,"GOOGL,VRSK",145
4813,"GOOGL,ALLE",145
4814,"GOOGL,EL",145
4815,"PCAR,WYN",145
4816,"PNC,TEL",145
4817,"PNC,ALLE",145
4818,"PNC,MCO",145
4819,"PNC,SHW",145
4820,"ADBE,UPS",145
4821,"ESS,PLD",145
4822,"WMT,RSG",145
4823,"WMT,TGT",145
4824,"RJF,PBCT",145
4825,"EFX,LH",145
4826,"EFX,LEG",145
4827,"EFX,AIZ",145
4828,"EFX,PPG",145
4829,"PKI,JCI",145
4830,"BF.B,NOC",145
4831,"BF.B,VAR",145
4832,"BF.B,CVS",145
4833,"VRSN,CMCSA",145
4834,"PX,BLL",145
4835,"PX,DOV",145
4836,"PX,GWW",145
4837,"PX,CMCSA",145
4838,"PX,CL",145
4839,"PX,EL",145
4840,"SEE,AFL",145
4841,"INTC,SNA",145
4842,"INTC,UPS",145
4843,"INTC,ANSS",145
4844,"INTC,ZBH",145
4845,"LOW,GLW",145
4846,"SHW,MA",145
4847,"SHW,LEG",145
4848,"SHW,HSIC",145
4849,"SHW,FIS",145
4850,"ESRX,ORCL",145
4851,"ESRX,HSIC",145
4852,"ESRX,PX",145
4853,"ESRX,PPG",145
4854,"ESRX,CMCSA",145
4855,"ESRX,WBA",145
4856,"ESRX,WAT",145
4857,"T,MO",145
4858,"T,MMM",145
4859,"OMC,TEL",145
4860,"OMC,NDAQ",145
4861,"OMC,XYL",145
4862,"OMC,USB",145
4863,"OMC,WHR",145
4864,"OMC,INTC",145
4865,"OMC,AIZ",145
4866,"OMC,MSI",145
4867,"OMC,EL",145
4868,"GS,AXP",145
4869,"GS,RF",145
4870,"RTN,MRK",145
4871,"RTN,HSIC",145
4872,"WM,VRSK",145
4873,"WM,HRL",145
4874,"WM,TXN",145
4875,"KHC,CHD",145
4876,"KHC,COST",145
4877,"KHC,DGX",145
4878,"KHC,CTAS",145
4879,"KHC,SNA",145
4880,"KHC,CCI",145
4881,"KHC,REG",145
4882,"KHC,BF.B",145
4883,"EMN,TXT",145
4884,"EMN,PFG",145
4885,"EMN,APH",145
4886,"EMN,GLW",145
4887,"EMN,IR",145
4888,"V,GD",145
4889,"V,GOOGL",145
4890,"V,CTAS",145
4891,"V,GOOG",145
4892,"V,BLK",145
4893,"V,CMCSA",145
4894,"V,SPGI",145
4895,"SNPS,LRCX",145
4896,"SNPS,BDX",145
4897,"SNPS,TJX",145
4898,"SNPS,FAST",145
4899,"SNPS,HII",145
4900,"SNPS,PEP",145
4901,"SNPS,EXPD",145
4902,"SNPS,FB",145
4903,"SNPS,HAS",145
4904,"CHD,CTAS",145
4905,"CHD,REG",145
4906,"UNH,DVA",145
4907,"BSX,LH",145
4908,"BSX,ECL",145
4909,"BSX,A",145
4910,"TSN,SJM",145
4911,"UTX,IT",145
4912,"UTX,ALL",145
4913,"UTX,CDNS",145
4914,"UTX,TXT",145
4915,"UTX,HII",145
4916,"UTX,VAR",145
4917,"UTX,EL",145
4918,"DE,GLW",145
4919,"DE,ITW",145
4920,"HAS,LEG",145
4921,"ABC,HSIC",145
4922,"FAST,UPS",145
4923,"GPC,ALGN",145
4924,"GPC,DOV",145
4925,"GPC,RE",145
4926,"GPC,AAP",145
4927,"GPC,MTD",145
4928,"GPC,JPM",145
4929,"GPC,CA",145
4930,DIS,252
4931,EMR,252
4932,HRB,252
4933,UHS,252
4934,CHK,252
4935,DG,252
4936,GOOG,252
4937,MAR,252
4938,PNR,252
4939,TSS,252
4940,DFS,252
4941,MAS,252
4942,SBUX,252
4943,EXPD,252
4944,UNM,252
4945,XYL,252
4946,MAT,252
4947,AKAM,252
4948,WU,252
4949,KO,252
4950,ALK,252
4951,XL,252
4952,EXPE,252
4953,TROW,252
4954,EA,252
4955,FRT,252
4956,WDC,252
4957,AYI,252
4958,FISV,252
4959,JNJ,252
4960,MCHP,252
4961,SIG,252
4962,UNP,252
4963,CRM,252
4964,ALL,252
4965,QCOM,252
4966,PDCO,252
4967,SPGI,252
4968,ICE,252
4969,KR,252
4970,PEP,252
4971,NLSN,252
4972,FOX,252
4973,VMC,252
4974,TMK,252
4975,DISH,252
4976,ZBH,252
4977,HD,252
4978,SRCL,252
4979,URI,252
4980,WY,252
4981,TGT,252
4982,PCLN,252
4983,DLR,252
4984,MDLZ,252
4985,BWA,252
4986,COTY,252
4987,HRL,252
4988,ARNC,252
4989,FFIV,252
4990,RRC,252
4991,EQR,252
4992,TRIP,252
4993,MKC,252
4994,ADSK,252
4995,NAVI,252
4996,RE,252
4997,BMY,252
4998,GPN,252
4999,SYY,252
5000,TDG,252
5001,PHM,252
5002,MDT,252
5003,RF,252
5004,KEY,252
5005,NFLX,252
5006,MHK,252
5007,TMO,252
5008,APC,252
5009,PLD,252
5010,INTU,252
5011,CBG,252
5012,SLG,252
5013,REG,252
5014,APD,252
5015,IPG,252
5016,ETN,252
5017,MRK,252
5018,HUM,252
5019,PAYX,252
5020,AON,252
5021,AIV,252
5022,EQT,252
5023,BRK.B,252
5024,COF,252
5025,SYF,252
5026,KIM,252
5027,TJX,252
5028,IFF,252
5029,FITB,252
5030,EL,252
5031,WAT,252
5032,GWW,252
5033,IDXX,252
5034,GPS,252
5035,NFX,252
5036,PRU,252
5037,ABT,252
5038,LMT,252
5039,SYK,252
5040,FIS,252
5041,APH,252
5042,RHI,252
5043,AOS,252
5044,HRS,252
5045,BAC,252
5046,AVB,252
5047,XRX,252
5048,PVH,252
5049,FLR,252
5050,AIZ,252
5051,FLS,252
5052,NSC,252
5053,CHRW,252
5054,IVZ,252
5055,AIG,252
5056,RL,252
5057,EBAY,252
5058,QRVO,252
5059,TWX,252
5060,CTAS,252
5061,DLTR,252
5062,AFL,252
5063,TAP,252
5064,MET,252
5065,HBI,252
5066,ACN,252
5067,FBHS,252
5068,AVY,252
5069,AMAT,252
5070,LB,252
5071,BA,252
5072,BDX,252
5073,DPS,252
5074,WRK,252
5075,COL,252
5076,EW,252
5077,GGP,252
5078,LH,252
5079,HOG,252
5080,NCLH,252
5081,CFG,252
5082,GRMN,252
5083,XRAY,252
5084,PCG,252
5085,SPG,252
5086,ANSS,252
5087,HOLX,252
5088,MLM,252
5089,COO,252
5090,AJG,252
5091,CBS,252
5092,CLX,252
5093,CSCO,252
5094,PPG,252
5095,NTAP,252
5096,MYL,252
5097,NVDA,252
5098,BXP,252
5099,WBA,252
5100,FCX,252
5101,PSA,252
5102,SYMC,252
5103,RHT,252
5104,FB,252
5105,HON,252
5106,AAPL,252
5107,PFE,252
5108,DGX,252
5109,ISRG,252
5110,ROST,252
5111,EXR,252
5112,CINF,252
5113,VRTX,252
5114,DAL,252
5115,AMD,252
5116,CMCSA,252
5117,JEC,252
5118,CMA,252
5119,AME,252
5120,STI,252
5121,LNC,252
5122,YUM,252
5123,BK,252
5124,WYNN,252
5125,PFG,252
5126,LKQ,252
5127,WHR,252
5128,KLAC,252
5129,MNST,252
5130,BEN,252
5131,AMG,252
5132,CME,252
5133,MON,252
5134,MSI,252
5135,MSFT,252
5136,ORCL,252
5137,FMC,252
5138,WFC,252
5139,USB,252
5140,ITW,252
5141,ROK,252
5142,ILMN,252
5143,CERN,252
5144,WYN,252
5145,HIG,252
5146,CMG,252
5147,KMB,252
5148,HSIC,252
5149,HII,252
5150,SNA,252
5151,MOS,252
5152,FL,252
5153,BAX,252
5154,LEG,252
5155,TXN,252
5156,RSG,252
5157,ALGN,252
5158,ADI,252
5159,NWL,252
5160,CDNS,252
5161,ROP,252
5162,NTRS,252
5163,KSS,252
5164,CMI,252
5165,AMP,252
5166,UPS,252
5167,VTR,252
5168,CSX,252
5169,CTXS,252
5170,HST,252
5171,CELG,252
5172,ADM,252
5173,KSU,252
5174,REGN,252
5175,CPB,252
5176,MMC,252
5177,AZO,252
5178,STT,252
5179,HCA,252
5180,MA,252
5181,SJM,252
5182,ADP,252
5183,SWK,252
5184,DHI,252
5185,AMT,252
5186,LEN,252
5187,ORLY,252
5188,ANTM,252
5189,CVS,252
5190,HSY,252
5191,TXT,252
5192,JNPR,252
5193,CCI,252
5194,SNI,252
5195,GILD,252
5196,STX,252
5197,NWS,252
5198,ADS,252
5199,TEL,252
5200,STZ,252
5201,ULTA,252
5202,BLK,252
5203,CCL,252
5204,TIF,252
5205,ETFC,252
5206,ALXN,252
5207,HPE,252
5208,RMD,252
5209,CBOE,252
5210,BLL,252
5211,AVGO,252
5212,PWR,252
5213,CA,252
5214,VIAB,252
5215,MCD,252
5216,LYB,252
5217,NDAQ,252
5218,MMM,252
5219,VAR,252
5220,ECL,252
5221,IP,252
5222,NUE,252
5223,CB,252
5224,JCI,252
5225,NWSA,252
5226,A,252
5227,VNO,252
5228,MO,252
5229,AGN,252
5230,FDX,252
5231,IR,252
5232,CTL,252
5233,LUK,252
5234,PBCT,252
5235,IT,252
5236,MTB,252
5237,CF,252
5238,C,252
5239,HCN,252
5240,INCY,252
5241,MCK,252
5242,LLL,252
5243,HCP,252
5244,SWKS,252
5245,CI,252
5246,GD,252
5247,KMX,252
5248,MTD,252
5249,INFO,252
5250,KORS,252
5251,IQV,252
5252,GE,252
5253,XLNX,252
5254,F,252
5255,FLIR,252
5256,MS,252
5257,PG,252
5258,TRV,252
5259,ZION,252
5260,JPM,252
5261,NKE,252
5262,HBAN,252
5263,PH,252
5264,MU,252
5265,HPQ,252
5266,CNC,252
5267,CL,252
5268,AXP,252
5269,MCO,252
5270,CAG,252
5271,RCL,252
5272,GLW,252
5273,VZ,252
5274,NOC,252
5275,BBT,252
5276,AAL,252
5277,CAH,252
5278,MGM,252
5279,LUV,252
5280,K,252
5281,PM,252
5282,UDR,252
5283,SCHW,252
5284,CHTR,252
5285,DRE,252
5286,L,252
5287,AAP,252
5288,VRSK,252
5289,SBAC,252
5290,DISCA,252
5291,BBY,252
5292,ALLE,252
5293,PRGO,252
5294,PGR,252
5295,IBM,252
5296,JBHT,252
5297,DRI,252
5298,ARE,252
5299,TSCO,252
5300,GOOGL,252
5301,PCAR,252
5302,PKG,252
5303,PYPL,252
5304,M,252
5305,UAA,252
5306,MAA,252
5307,PNC,252
5308,ADBE,252
5309,ESS,252
5310,WMT,252
5311,RJF,252
5312,CTSH,252
5313,ATVI,252
5314,GM,252
5315,EFX,252
5316,PKI,252
5317,ANDV,252
5318,MAC,252
5319,CSRA,252
5320,DVA,252
5321,BF.B,252
5322,VRSN,252
5323,PX,252
5324,AMZN,252
5325,SEE,252
5326,LLY,252
5327,EQIX,252
5328,FOXA,252
5329,INTC,252
5330,LOW,252
5331,SHW,252
5332,VFC,252
5333,IRM,252
5334,DOV,252
5335,ESRX,252
5336,LRCX,252
5337,COST,252
5338,T,252
5339,OMC,252
5340,GS,252
5341,ABBV,252
5342,RTN,252
5343,WM,252
5344,GT,252
5345,NEM,252
5346,DISCK,252
5347,KHC,252
5348,EMN,252
5349,CAT,252
5350,TPR,252
5351,XEC,252
5352,V,252
5353,SNPS,252
5354,CHD,252
5355,UNH,252
5356,BSX,252
5357,TSN,252
5358,ALB,252
5359,UAL,252
5360,AET,252
5361,ZTS,252
5362,BIIB,252
5363,GIS,252
5364,JWN,252
5365,UTX,252
5366,DE,252
5367,HAS,252
5368,AMGN,252
5369,ABC,252
5370,FAST,252
5371,GPC,252
5372,O,251
5373,DHR,250
5374,WLTW,250
5375,UA,185
